Date,1COV.DE,ADS.DE,AFX.DE,ALV.DE,BAYN.DE,BEI.DE,BMW.DE,BNR.DE,CBK.DE,CON.DE,DB1.DE,DBK.DE,DHL.DE,DTE.DE,ENR.DE,EOAN.DE,EVK.DE,FRE.DE,HEI.DE,HEN3.DE,HFG.DE,IFX.DE,LEG.DE,MRK.DE,MTX.DE,MUV2.DE,PAH3.DE,PUM.DE,QIA.DE,RHM.DE,RWE.DE,SAP.DE,SHL.DE,SIE.DE,SRT3.DE,SY1.DE,UTDI.DE,VNA.DE,VOW3.DE,ZAL.DE
2020-12-31,45.67072677612305,284.67950439453125,105.000732421875,157.34320068359375,42.72404098510742,91.02655792236328,54.03837585449219,55.38843536376953,4.897406101226807,95.20382690429688,126.17958068847656,8.022884368896484,36.74626541137695,12.65585231781006,29.84603500366211,7.296493053436279,20.350902557373047,34.03264617919922,52.06779479980469,80.99375915527344,63.20000076293945,30.061004638671875,109.99604034423828,131.27728271484375,203.54344177246097,200.72157287597656,45.580379486083984,85.64262390136719,42.12330627441406,80.36811828613281,30.247465133666992,98.76033020019533,38.523963928222656,102.76481628417967,338.8910217285156,103.0751953125,31.50800895690918,38.649070739746094,98.1289291381836,91.05999755859376
2021-01-31,50.80958557128906,250.37271118164065,124.38101959228516,146.2264862060547,44.285545349121094,87.07474517822266,52.377498626708984,56.6126823425293,5.096428394317627,90.8852996826172,120.15377807617188,7.502907752990723,37.027530670166016,12.440054893493652,30.423059463500977,7.027624607086182,20.73229217529297,33.07030487060547,51.8976936340332,75.0267105102539,69.80000305175781,31.72254943847656,102.49906158447266,128.798583984375,183.13186645507812,180.88088989257812,46.46935272216797,74.96977233886719,44.32622528076172,81.0735855102539,31.026180267333984,96.53126525878906,42.46996307373047,111.87654876708984,404.9727783203125,97.65518188476562,32.807491302490234,35.66114044189453,100.717041015625,94.72000122070312
2021-02-28,54.24755859375,276.07891845703125,119.84931182861328,156.63763427734375,44.46742248535156,78.93980407714844,53.49222946166992,56.19294357299805,5.049927711486816,93.35862731933594,122.82687377929688,9.156970977783203,37.25436019897461,12.719320297241213,31.08962059020996,6.802225589752197,21.273862838745117,31.87413024902344,55.69093322753906,71.5868911743164,64.5,34.475826263427734,97.94546508789062,125.85222625732422,187.9009246826172,200.88690185546875,53.64583206176758,81.65190887451172,40.68446731567383,76.6922378540039,27.42133331298828,94.00743865966795,42.057010650634766,111.9115219116211,419.5699462890625,91.96893310546876,33.38402557373047,34.10897445678711,111.3913345336914,85.0199966430664
2021-03-31,51.877166748046875,254.38629150390625,123.89891815185548,170.16114807128906,47.87434387207031,86.84342193603516,66.1882095336914,63.66084671020508,4.862066745758057,88.49048614501953,128.3996124267578,9.133663177490234,42.38976287841797,14.530322074890137,30.452905654907227,7.9887919425964355,23.005369186401367,34.1585578918457,65.87995910644531,84.11767578125,63.599998474121094,34.84109115600586,97.09708404541016,136.3749542236328,191.4300079345703,217.09011840820312,73.0740737915039,77.53126525878906,40.952388763427734,80.2010269165039,29.24125289916992,96.18124389648438,43.10271835327149,125.65616607666016,419.3726806640625,98.32080841064452,31.297523498535156,36.0233154296875,153.61215209960938,83.63999938964844
2021-04-30,49.23535919189453,245.45127868652344,141.3026123046875,169.6515655517578,47.75013732910156,90.50607299804688,62.3951301574707,65.3048324584961,5.106657981872559,88.44336700439453,129.84945678710938,10.404916763305664,44.4176139831543,13.54019546508789,27.657325744628903,8.070900917053223,22.212078094482425,36.76676940917969,64.82533264160156,83.85441589355469,69.0,32.345218658447266,100.16167449951172,136.7023468017578,200.205078125,198.94415283203125,70.77888488769531,81.41060638427734,40.21808242797851,80.47950744628906,27.59632682800293,107.54761505126952,44.296905517578125,124.59707641601562,463.5301208496094,102.12432098388672,32.038780212402344,35.3377685546875,139.51280212402344,86.54000091552734
2021-05-31,53.01918029785156,285.10955810546875,146.26821899414062,168.9067840576172,47.421329498291016,94.06902313232422,64.86399841308594,67.45601654052734,6.136173248291016,94.92900848388672,121.15052795410156,10.930273056030272,50.6281852722168,14.899627685546877,25.86656379699707,7.9590067863464355,22.311241149902344,39.70325469970703,63.498558044433594,83.89659118652344,74.76000213623047,32.056121826171875,103.79761505126952,139.3691864013672,202.57797241210935,202.95413208007812,74.75505065917969,87.07185363769531,39.97993469238281,78.80865478515625,27.70780563354492,104.5632553100586,42.897464752197266,119.05023193359376,400.10589599609375,103.17028045654295,31.242616653442383,34.05497741699219,147.04531860351562,87.41999816894531
2021-06-30,50.391353607177734,303.14312744140625,157.64529418945312,172.33865356445312,47.17261505126953,98.83853149414062,68.35396575927734,68.5753173828125,5.563290119171143,97.3473892211914,136.3452606201172,9.849079132080078,52.04359817504883,15.61681842803955,25.289541244506836,8.220465660095215,21.571348190307617,40.334720611572266,63.31722259521485,79.6221694946289,81.9800033569336,32.5909538269043,108.47022247314452,152.73464965820312,200.5617828369141,198.485107421875,73.02558135986328,93.48796081542967,40.446311950683594,79.17417907714844,27.447341918945312,111.2926788330078,48.215335845947266,119.92982482910156,433.6950073242187,112.73511505126952,32.02373123168945,36.30577850341797,135.9718475341797,101.9499969482422
2021-07-31,50.206295013427734,295.6105041503906,181.68634033203125,172.09278869628906,46.32514953613281,97.28431701660156,64.19808197021484,74.95099639892578,5.05922794342041,89.98233795166016,130.37088012695312,9.555023193359377,51.816768646240234,15.348528861999512,22.822269439697266,8.741304397583008,23.240562438964844,40.6326789855957,65.45288848876953,76.43872833251953,79.08000183105469,30.967185974121097,119.09841918945312,163.0775146484375,202.6739959716797,195.8638153076172,73.76908874511719,96.23078155517578,44.84222030639648,76.95006561279297,26.953359603881836,113.16566467285156,51.94717025756836,118.09883880615234,503.6394653320313,119.25936126708984,32.41381072998047,37.41120147705078,132.3021697998047,93.76000213623048
2021-08-31,50.798484802246094,290.15411376953125,181.00914001464844,163.06201171875,43.4281005859375,99.80992126464844,61.51168441772461,76.05480194091797,4.938326835632324,89.3698959350586,135.32638549804688,9.4384765625,54.057838439941406,15.78866195678711,24.4538516998291,9.420583724975586,22.685331344604492,40.3851432800293,64.4200668334961,73.98853302001953,91.27999877929688,34.75436782836914,120.57208251953124,190.04458618164065,186.59255981445312,212.66567993164065,71.00446319580078,95.5799331665039,46.50929260253906,78.7369613647461,29.71965217590332,119.365234375,54.95130157470703,126.41009521484376,551.2570190429688,115.70941162109376,34.00199890136719,38.06379699707031,132.6865692138672,93.8000030517578
2021-09-30,54.906776428222656,262.4858703613281,160.64439392089844,159.66934204101562,43.29914093017578,90.7857437133789,63.34088897705078,71.7286376953125,5.352179527282715,83.23075103759766,130.13931274414062,9.89569854736328,49.43052673339844,15.25208568572998,23.110780715942383,8.906489372253418,21.630382537841797,38.079383850097656,56.70016098022461,71.69930267333984,79.95999908447266,34.23398971557617,109.14006805419922,177.245849609375,187.6006317138672,203.5987091064453,71.15349578857422,89.64802551269531,44.44529724121094,80.58087158203125,27.43835830688477,109.4571533203125,52.41364669799805,127.37944793701172,543.1560668945312,109.04124450683594,31.224994659423828,34.56107711791992,127.6374969482422,79.31999969482422
2021-10-31,51.261131286621094,273.59173583984375,168.28720092773438,164.84030151367188,44.8328742980957,89.2703857421875,66.76968383789062,73.206298828125,5.873912334442139,89.14004516601562,133.01072692871094,9.992521286010742,48.55950927734375,14.096517562866213,24.69261932373047,9.241915702819824,22.225278854370117,35.99824523925781,57.015262603759766,69.1954574584961,70.0,38.9270133972168,114.9007339477539,192.87826538085935,184.67239379882812,220.18569946289065,74.36591339111328,99.7638931274414,47.223751068115234,79.68742370605469,29.881317138671875,117.36114501953124,53.60783767700195,125.90748596191406,553.6280517578125,114.70198822021484,29.608949661254883,34.93399429321289,127.75614166259766,81.58000183105469
2021-11-30,46.11650848388672,246.792724609375,171.18954467773438,157.70257568359375,41.01005554199219,85.6956787109375,65.03997802734375,67.38468170166016,5.798582077026367,83.15171813964844,128.3794403076172,9.55681610107422,47.33462905883789,13.66690731048584,23.319704055786133,9.181235313415527,21.106874465942383,30.70829391479492,51.76362228393555,62.32777786254883,89.4000015258789,38.478912353515625,110.30113220214844,206.76321411132812,158.3660430908203,204.84487915039065,61.416873931884766,99.25251007080078,48.622901916503906,74.7259750366211,30.671688079833984,105.99213409423828,60.007938385009766,126.80502319335938,599.6649169921875,119.45126342773438,30.78847885131836,34.807212829589844,106.55792236328124,80.26000213623047
2021-12-31,50.150779724121094,244.52325439453125,178.83238220214844,170.1669921875,43.294532775878906,87.79386901855469,67.72637939453125,70.83849334716797,6.220804214477539,81.755615234375,136.2526397705078,9.877767562866213,51.299598693847656,14.29115867614746,22.37457847595215,10.275163650512695,22.582216262817383,32.45479965209961,52.09623336791992,63.615478515625,67.54000091552734,39.27874374389648,109.5866241455078,214.41412353515625,172.23927307128906,223.8812255859375,69.08363342285156,99.94983673095705,48.61297607421875,78.94605255126953,32.0817756652832,116.9678192138672,61.407379150390625,137.03700256347656,588.007568359375,125.01605987548828,32.45096206665039,34.45204162597656,116.98565673828124,71.13999938964844
2022-01-31,48.910888671875,233.9485015869141,136.9419708251953,186.3109436035156,49.59526824951172,85.55968475341797,71.13986206054688,67.34908294677734,7.055948734283447,74.58191680908203,145.60784912109375,10.985857009887695,48.07863235473633,14.61731243133545,19.658588409423828,10.298760414123535,22.836036682128903,33.51829147338867,53.61920166015625,64.79585266113281,58.540000915527344,35.01455307006836,104.94236755371094,183.1493225097656,179.5839385986328,239.8236389160156,68.22257232666016,87.58394622802734,43.41330337524414,87.5383071899414,33.509830474853516,103.38868713378906,52.95476531982422,125.54845428466795,470.34674072265625,101.65348815917967,32.163047790527344,35.78750228881836,120.83506774902344,69.9800033569336
2022-02-28,43.6829948425293,204.7834014892578,136.26475524902344,166.60220336914062,47.4489631652832,87.83273315429688,66.24923706054688,66.65475463867188,7.00665807723999,67.43455505371094,141.43966674804688,10.09472370147705,40.97434997558594,14.054434776306152,21.320018768310547,10.212797164916992,21.32896614074707,28.6638240814209,50.88835144042969,63.34720230102539,48.880001068115234,29.627702713012695,102.9774932861328,167.7058563232422,207.5704040527344,212.4078369140625,75.2435302734375,76.22221374511719,44.455223083496094,126.98281860351562,37.26408004760742,94.88534545898438,53.626502990722656,113.68292999267578,389.4364013671875,102.1811981201172,28.19723129272461,33.7416877746582,117.35476684570312,59.58000183105469
2022-03-31,42.41534423828125,204.63853454589844,142.16615295410156,177.46044921875,57.20405197143555,92.4759521484375,60.15700149536133,65.28392028808594,6.442145347595215,57.42473983764648,150.9801483154297,10.318851470947266,39.513572692871094,14.845269203186035,20.719999313354492,8.884576797485352,19.97260856628418,30.57077407836914,45.21658706665039,54.26183319091797,40.959999084472656,30.110445022583008,92.21531677246094,179.32391357421875,202.2899475097656,208.8412170410156,72.77626037597656,72.00106811523438,44.18730163574219,182.58534240722656,35.50371170043945,94.6980438232422,53.27802658081055,115.99224090576172,396.8457946777344,104.4358901977539,28.958816528320312,30.05496406555176,103.48629760742188,46.0
2022-04-30,38.20527267456055,187.08154296875,117.18500518798828,177.1736297607422,57.94097900390625,93.07820892333984,60.08812713623047,65.81802368164062,5.842291831970215,57.9691276550293,153.94415283203125,8.629823684692383,37.12733459472656,15.404640197753906,18.43000030517578,8.368796348571777,19.837766647338867,30.98791885375977,48.3675651550293,54.86990737915039,40.58000183105469,26.67521858215332,87.16915130615234,167.1391143798828,185.9204864501953,195.34817504882812,65.85465240478516,65.71585083007812,43.701072692871094,204.1610107421875,35.55760192871094,91.3641357421875,48.560302734375,108.71849060058594,355.90716552734375,108.84935760498048,28.54087257385254,26.993350982666016,98.17355346679688,37.83000183105469
2022-05-31,42.5,178.1388702392578,120.93219757080078,159.8168487548828,61.33085250854492,94.45832061767578,61.7106819152832,64.05551147460938,7.512581348419189,62.58768844604492,144.72789001464844,9.300413131713867,34.93617248535156,17.40119171142578,17.934999465942383,7.992917060852051,19.774309158325195,29.28129196166992,47.35224914550781,58.76224136352539,34.619998931884766,28.12316513061523,86.05337524414062,167.0032196044922,176.5116729736328,205.04299926757812,63.03963851928711,64.3583984375,42.48053741455078,178.9735565185547,37.662376403808594,86.89706420898438,52.93698501586914,113.0199737548828,372.260498046875,98.5832748413086,28.364408493041992,29.596778869628903,101.9570770263672,37.849998474121094
2022-06-30,32.97999954223633,166.0123291015625,110.85857391357422,157.19537353515625,53.964080810546875,95.3978271484375,60.48796844482422,55.27858352661133,6.218013763427734,60.40343475341797,150.76913452148438,7.617692470550537,32.42744445800781,17.239225387573242,13.984999656677246,7.098700046539307,16.937026977539062,27.299354553222656,42.05689239501953,54.2236213684082,30.850000381469727,22.438282012939453,74.05728912353516,153.64297485351562,168.631103515625,201.89125061035156,54.070655822753906,59.1049919128418,44.35599136352539,213.2574920654297,32.224300384521484,83.64900970458984,45.93619155883789,89.62030029296875,330.4356689453125,100.572509765625,25.712692260742188,25.874156951904297,88.56065368652344,24.959999084472656
2022-07-31,33.22999954223633,165.06796264648438,138.30557250976562,153.0522918701172,54.23047637939453,98.50010681152344,65.4449234008789,62.125457763671875,6.210573673248291,62.87407684326172,161.06600952148438,7.808181762695312,35.294559478759766,16.838865280151367,16.184999465942383,7.774175643920898,17.286418914794922,23.56812858581543,45.41483688354492,57.45231628417969,26.850000381469727,25.800622940063477,82.9681167602539,177.2142791748047,182.6108856201172,199.09971618652344,60.30694580078125,61.719757080078125,48.483978271484375,173.132568359375,36.90913009643555,87.2574691772461,47.38561248779297,100.18938446044922,431.6278991699219,110.01480102539062,24.23962020874023,28.57598114013672,95.42755126953124,27.350000381469727
2022-08-31,30.1200008392334,145.86578369140625,120.88352966308594,145.50843811035156,50.04426574707031,98.451171875,60.49620056152344,59.453590393066406,6.165934085845947,52.21036529541016,159.1294403076172,7.62227201461792,33.02173614501953,17.095460891723633,14.675000190734863,7.543698787689209,15.46876335144043,23.294189453125,41.377960205078125,59.26038360595703,23.86000061035156,23.6141300201416,70.50043487548828,163.56771850585938,170.8154296875,214.49819946289065,60.37547302246094,57.39316940307617,44.901763916015625,153.33627319335938,34.98008346557617,81.73411560058594,46.163551330566406,93.30331420898438,412.2021484375,101.05672454833984,21.29347038269043,23.761981964111328,98.79148864746094,23.11000061035156
2022-09-30,29.540000915527344,116.94445037841795,104.58080291748048,139.65634155273438,45.1111946105957,98.793701171875,57.63072204589844,56.69084548950195,6.828097343444824,41.73741149902344,158.94049072265625,7.002270221710205,28.231111526489254,15.91621208190918,11.385000228881836,6.999416828155518,14.349888801574709,20.734285354614254,37.47870635986328,56.289981842041016,21.75,22.069005966186523,57.4337043762207,159.17794799804688,149.7487030029297,222.8728179931641,49.82175827026367,45.11882019042969,42.649227142333984,153.1427001953125,34.713687896728516,80.945068359375,41.94791793823242,93.4140853881836,353.92498779296875,97.2798080444336,18.186796188354492,19.546430587768555,87.85172271728516,20.229999542236328
2022-10-31,34.439998626708984,97.36846160888672,119.27759552001952,157.26441955566406,50.63413619995117,95.1042251586914,65.47785949707031,55.836578369140625,7.52932071685791,47.66875457763672,155.53970336914062,8.846708297729492,32.58168411254883,17.43758773803711,11.8149995803833,7.513558864593506,15.5186767578125,22.00951385498047,42.80004119873047,58.83604431152344,20.260000228881836,23.94453239440918,61.88912582397461,157.46018981933594,175.96078491210938,240.79269409179688,48.48541259765625,42.146636962890625,43.36368942260742,159.24130249023438,35.81600570678711,93.98365020751952,44.12678527832031,102.12781524658205,353.92498779296875,100.08829498291016,17.87046241760254,19.713642120361328,89.89511108398438,23.329999923706055
2022-11-30,38.16999816894531,120.2694320678711,125.70134735107422,176.3830108642578,52.689186096191406,101.7296142578125,71.06883239746094,54.509727478027344,7.445620059967041,52.02870178222656,166.16720581054688,9.269810676574709,34.323734283447266,17.657787322998047,15.8100004196167,8.08797836303711,15.576909065246582,25.088956832885746,47.81861114501953,63.134822845458984,23.3799991607666,30.63034439086914,56.81593704223633,165.8580780029297,194.5519561767578,271.2294616699219,49.9759521484375,45.8054313659668,46.95582962036133,188.18544006347656,38.58097457885742,100.51737213134766,47.99190139770508,121.12447357177734,353.2311706542969,105.51155090332033,19.05553436279297,20.672924041748047,97.23461151123048,29.739999771118164
2022-12-31,36.54999923706055,125.38475799560548,114.75176239013672,173.40518188476562,45.97697830200195,104.91019439697266,68.6562271118164,54.273441314697266,8.217525482177734,50.84788131713867,152.4695281982422,9.696578025817873,31.91934585571289,16.958974838256836,17.575000762939453,8.274133682250977,14.919724464416504,24.796127319335938,48.88287734985352,59.97991943359375,20.530000686645508,27.62755966186523,56.965702056884766,172.6336212158203,196.29942321777344,273.7508544921875,43.89385986328125,53.329933166503906,46.648216247558594,180.10238647460938,38.204349517822266,92.75196075439452,44.26888275146485,119.66603088378906,366.1156005859375,98.4419403076172,17.837411880493164,19.379215240478516,80.91533660888672,33.11000061035156
2023-01-31,42.119998931884766,144.98043823242188,128.42657470703125,189.20066833496097,54.23047637939453,109.2162094116211,76.76686096191406,62.125457763671875,9.732502937316896,58.42329025268555,155.16183471679688,11.180188179016112,35.730072021484375,18.607738494873047,19.1200008392334,8.852100372314453,16.937026977539062,25.060619354248047,57.61720657348633,60.330467224121094,22.18000030517578,31.985971450805664,66.99974822998047,182.31980895996097,222.12318420410156,298.0642395019531,46.909202575683594,58.653526306152344,44.30637741088867,207.1588897705078,37.478660583496094,104.28942108154295,46.48564147949219,131.90585327148438,406.65191650390625,94.40354919433594,20.103681564331055,22.767498016357425,102.54103088378906,42.59000015258789
2023-02-28,41.650001525878906,139.3535614013672,122.9274673461914,191.74693298339844,53.55497360229492,110.58631134033205,80.48868560791016,64.8882064819336,10.718308448791504,61.76591873168945,155.8703155517578,10.806537628173828,36.40148162841797,19.322019577026367,18.969999313354492,9.17033576965332,16.82888412475586,24.58831214904785,59.74574279785156,63.48535919189453,21.270000457763672,32.569034576416016,64.37891387939453,171.1544647216797,221.8319396972656,293.6518249511719,46.05257415771485,56.810020446777344,43.22476577758789,232.90855407714844,36.9642448425293,103.42339324951172,46.779319763183594,133.56736755371094,399.02044677734375,93.74501037597656,19.565441131591797,20.989749908447266,104.33432006835938,37.599998474121094
2023-03-31,38.130001068115234,160.12969970703125,124.58206939697266,183.67657470703125,55.866905212402344,117.38785552978516,83.1153793334961,62.88885498046875,9.022909164428713,62.6015739440918,169.5207977294922,8.568302154541016,39.09621047973633,20.336572647094727,20.239999771118164,10.194186210632324,16.10515022277832,23.47366714477539,61.70913314819336,66.47420501708984,21.90999984741211,36.94404983520508,47.24989318847656,163.7108917236328,223.8706512451172,290.4100341796875,45.33300018310547,53.48042297363281,41.58746337890625,264.8536071777344,36.413089752197266,111.67955780029295,51.1749267578125,141.81008911132812,383.5591125488281,97.03770446777344,14.985692977905272,15.26047134399414,101.49089813232422,38.540000915527344
2023-04-30,39.790000915527344,156.84410095214844,119.5404052734375,196.32159423828125,56.85636901855469,123.89580535888672,83.52708435058594,67.0511474609375,9.360501289367676,57.60579681396485,163.3332061767578,9.105881690979004,39.48635482788086,19.908912658691406,22.18000030517578,10.641844749450684,16.43790054321289,24.76778793334961,62.90184020996094,67.59964752197266,24.229999542236328,32.26231002807617,52.77236557006836,155.1221466064453,230.76345825195312,306.61895751953125,43.24281692504883,49.812225341796875,40.198238372802734,257.01251220703125,39.08620071411133,118.22290802001952,54.45660400390625,141.46807861328125,349.722900390625,105.99578094482422,14.692968368530272,17.271440505981445,99.90762329101562,37.16999816894531
2023-05-31,36.060001373291016,149.03335571289062,102.90485382080078,172.611083984375,49.60661315917969,117.27867889404295,83.92231750488281,66.68762969970703,8.742047309875488,57.93806838989258,152.56399536132812,8.67819881439209,38.15260314941406,19.46749496459961,23.739999771118164,10.025760650634766,15.593546867370604,24.17268180847168,61.3604850769043,70.51876831054688,22.229999542236328,34.051666259765625,45.405948638916016,155.31301879882812,209.50254821777344,300.7657470703125,44.4592399597168,41.87387466430664,41.885154724121094,228.84278869628903,35.935420989990234,117.5685806274414,51.059104919433594,145.68646240234375,311.8262939453125,96.82465362548828,12.691097259521484,15.192584991455078,94.1723175048828,27.040000915527344
2023-06-30,47.58000183105469,175.62100219726562,97.20264434814452,194.03302001953125,50.22511291503906,119.345703125,100.53368377685548,64.8882064819336,9.43955135345459,64.28260803222656,163.16859436035156,9.092166900634766,40.584205627441406,18.745849609375,16.18000030517578,10.812914848327637,14.499628067016602,24.782052993774418,71.6776351928711,69.30782318115234,22.600000381469727,37.0469970703125,49.27167892456055,146.6090545654297,233.74278259277344,320.4033508300781,47.251861572265625,52.79404067993164,40.823394775390625,246.81011962890625,37.423248291015625,122.46969604492188,50.055294036865234,144.9263916015625,315.4070739746094,93.9004364013672,12.623175621032717,16.618350982666016,106.68736267089844,26.36000061035156
2023-07-31,48.83000183105469,181.7654571533203,103.39558410644533,197.85543823242188,52.67342376708984,115.94988250732422,99.05052185058594,65.8604736328125,10.333670616149902,67.55720520019531,168.18618774414062,9.528908729553224,42.38976287841797,18.620100021362305,15.390000343322754,10.650904655456545,16.689308166503906,27.868820190429688,70.24789428710938,66.39397430419922,25.90999984741211,39.21873474121094,60.24174118041992,154.590087890625,209.02944946289065,319.47088623046875,46.069705963134766,58.84735107421875,42.32176971435547,253.3050994873047,36.728660583496094,121.74549102783205,50.98188400268555,147.24459838867188,373.2963562011719,97.18626403808594,13.327725410461426,19.72471618652344,104.62199401855467,31.399999618530273
2023-08-31,49.06999969482422,182.18035888671875,90.01844024658203,204.18063354492188,50.09625244140625,118.90277099609376,86.81885528564453,69.84125518798828,9.64475917816162,63.83606719970703,158.1027374267578,9.502439498901367,39.091670989990234,18.52625846862793,13.15999984741211,10.535185813903809,15.70888900756836,28.923789978027344,70.80072784423828,66.90485382080078,29.81999969482422,32.37016296386719,62.338409423828125,160.5879364013672,212.4755401611328,334.0177307128906,44.52993392944336,59.38372039794922,41.86531066894531,247.3021545410156,35.724327087402344,126.07118225097656,44.64051818847656,131.94821166992188,375.3851623535156,94.037353515625,17.369098663330078,20.532649993896484,98.09613037109376,28.729999542236328
2023-09-30,51.060001373291016,164.59652709960938,81.2835464477539,205.4092559814453,45.05094528198242,120.2315673828125,86.1130142211914,68.66384887695312,10.252902030944824,62.10573959350586,157.95799255371094,9.878679275512695,34.96338653564453,18.644500732421875,12.380000114440918,10.368547439575195,15.37173080444336,28.777265548706055,70.07632446289062,63.82071304321289,28.280000686645508,30.742586135864254,61.15903091430664,152.99386596679688,169.10414123535156,344.1818542480469,41.906829833984375,56.318756103515625,37.9754753112793,240.01988220214844,32.9929084777832,120.19920349121094,46.32961654663086,128.888916015625,320.08197021484375,88.32625579833984,19.82523727416992,21.182710647583008,94.53816223144533,21.1299991607666
2023-10-31,47.70000076293945,165.1694793701172,80.22358703613281,201.0407867431641,40.303001403808594,122.10173034667967,78.29512023925781,65.5240707397461,9.64475917816162,57.15663146972656,149.7561492919922,9.78981876373291,33.3529052734375,19.214120864868164,8.369999885559082,10.387063026428224,15.402785301208496,23.678239822387695,65.27239990234375,64.40727233886719,20.559999465942383,26.93836975097656,55.074954986572266,137.70901489257812,174.2732696533203,352.9472351074219,37.86437225341797,51.05084609985352,34.84971618652344,266.0982971191406,33.91276931762695,124.03555297851562,44.70808029174805,118.72296905517578,234.93898010253903,94.0764617919922,19.22832679748535,20.151899337768555,86.63249969482422,21.989999771118164
2023-11-30,48.20000076293945,189.8065948486328,80.7928237915039,209.86875915527344,31.08465576171875,126.6786880493164,85.40716552734375,74.08368682861328,10.68525218963623,66.06874084472656,168.18618774414062,10.801321029663086,39.05084609985352,20.621749877929688,10.880000114440918,11.04898452758789,15.216460227966309,28.41584014892578,71.29637908935547,68.30500793457031,14.020000457763672,34.85565185546875,65.65189361572266,154.92864990234375,184.8576507568359,364.4168701171875,40.298831939697266,56.68272018432617,37.36024856567383,271.60919189453125,36.95393371582031,142.37567138671875,51.09770584106445,146.3135223388672,293.9223937988281,100.92194366455078,20.118797302246097,23.699377059936523,92.3512954711914,21.86000061035156
2023-12-31,52.68000030517578,181.92352294921875,97.00634765625,220.19834899902344,33.3347282409668,133.56875610351562,90.04430389404297,77.76544189453125,10.224394798278809,71.55741882324219,179.958251953125,11.68803882598877,40.6976203918457,20.41060447692871,12.0,11.248022079467772,16.41425895690918,27.419479370117188,77.14877319335938,68.92939758300781,14.3100004196167,37.06170272827149,74.2444839477539,139.40194702148438,192.2421112060547,349.77679443359375,41.610382080078125,48.388153076171875,39.09678268432617,282.4342041015625,38.65285873413086,136.5037078857422,50.76953887939453,161.43890380859375,331.421142578125,97.4405288696289,22.54557991027832,26.50392723083496,97.0200653076172,21.450000762939453
2024-01-31,49.08000183105469,173.98114013671875,96.7315444946289,225.52244567871097,28.646255493164062,133.71640014648438,86.47040557861328,76.86836242675781,10.148377418518066,70.88761901855469,178.26963806152344,11.376080513000488,40.393672943115234,21.344331741333008,13.96500015258789,11.627586364746094,15.212024688720703,25.514671325683594,81.85738372802734,67.26434326171875,12.369999885559082,33.08590316772461,72.50349426269531,147.4313201904297,210.40786743164065,367.58734130859375,41.7720832824707,36.01335144042969,38.89122772216797,319.63287353515625,32.22323226928711,157.3687744140625,50.055294036865234,158.36062622070312,339.08001708984375,93.82220458984376,23.798110961914062,26.977540969848633,103.9971694946289,18.68000030517578
2024-02-29,50.29999923706055,184.8475646972656,111.6397476196289,231.0285491943359,27.843366622924805,130.46823120117188,97.58522033691406,78.84941101074219,10.162630081176758,68.91542053222656,186.80921936035156,11.686148643493652,38.93289566040039,20.631132125854492,14.204999923706056,10.933263778686523,15.13660717010498,25.28023147583008,85.49845123291016,65.80742645263672,12.8100004196167,32.44860076904297,63.66754531860352,152.65528869628906,218.8754119873047,401.3434448242187,44.3592529296875,40.67784881591797,39.35447311401367,417.2547607421875,29.097585678100582,169.19100952148438,53.56861877441406,173.80906677246094,347.9324951171875,92.47266387939452,21.919313430786133,23.959400177001953,108.77008056640624,19.520000457763672
2024-03-31,50.68000030517578,204.48614501953125,113.65171813964844,252.8253936767578,28.180381774902344,132.83053588867188,95.5659637451172,72.96234130859375,12.096332550048828,62.23598098754883,182.9977569580078,13.78477668762207,36.215484619140625,21.114418029785156,17.0049991607666,11.928459167480469,16.258989334106445,24.420625686645508,97.1746597290039,70.48092651367188,6.5920000076293945,31.22968482971191,74.48784637451172,158.26620483398438,231.57666015625,421.7649536132813,44.12569046020508,40.24684143066406,39.35447311401367,512.7116088867188,29.529354095458984,176.6092529296875,54.74616622924805,172.914306640625,366.6321411132813,108.50086212158205,20.41236114501953,25.445253372192383,106.60057830810548,26.489999771118164
2024-04-30,46.97999954223633,223.65054321289065,98.1942901611328,242.63230895996097,27.10986328125,138.34259033203125,91.5363998413086,69.9533920288086,13.265107154846191,56.59846115112305,174.79591369628906,14.189376831054688,35.62118911743164,20.166614532470703,19.299999237060547,11.479463577270508,17.341442108154297,27.321796417236328,90.20706176757812,70.44308471679688,6.335999965667725,32.42377853393555,74.80609130859375,144.09381103515625,223.10916137695312,384.37213134765625,43.05668258666992,41.70269775390625,38.80340194702149,508.9720764160156,30.62755584716797,166.078857421875,50.28693771362305,171.8785400390625,280.7928466796875,98.47712707519533,22.154163360595703,25.240951538085938,99.9272003173828,24.65999984741211
2024-05-31,49.38999938964844,228.68861389160156,83.87635803222656,244.1794586181641,28.10487937927246,143.1385040283203,83.25389862060547,61.65542221069336,14.76645851135254,60.013328552246094,176.48452758789062,14.393567085266112,35.07680130004883,21.65515899658203,24.81999969482422,11.36837100982666,17.895977020263672,28.601438522338867,91.2364730834961,80.65109252929688,5.498000144958496,36.49161148071289,76.0416259765625,163.44113159179688,224.9798889160156,442.67724609375,45.38334655761719,45.543479919433594,39.09135055541992,519.4033813476562,32.70193099975586,162.41867065429688,52.49684143066406,172.2303009033203,240.69390869140625,106.93618774414062,21.35175895690918,26.745376586914062,99.7970199584961,24.25
2024-06-30,54.79999923706055,220.9634704589844,65.05000305175781,248.768798828125,26.2537784576416,135.40396118164062,83.85470581054688,60.7288818359375,13.825535774230955,51.00747299194336,188.36805725097656,14.504599571228027,35.95889663696289,22.81126594543457,24.309999465942383,11.8124361038208,16.90224838256836,27.2338809967041,95.13971710205078,80.74812316894531,4.519999980926514,33.99442672729492,73.52739715576172,151.90699768066406,237.19093322753903,451.4747314453125,37.918270111083984,41.74909591674805,38.27715301513672,473.3045043945313,30.9223690032959,187.82237243652344,52.90989303588867,169.74838256835938,218.26901245117188,112.99309539794922,20.1200008392334,25.45496940612793,98.88231658935548,21.88999938964844
2024-07-31,54.459999084472656,229.1876678466797,62.771018981933594,250.0150146484375,27.363445281982425,133.0736846923828,81.42578887939453,63.48753356933594,14.707602500915527,54.67152404785156,186.6923370361328,14.045372009277344,39.251243591308594,23.48161506652832,26.90999984741211,12.496795654296877,17.699220657348633,32.42082214355469,94.8056182861328,76.75049591064453,5.7779998779296875,31.759841918945312,77.96256256103516,162.75399780273438,259.9366455078125,440.4537353515625,39.16606903076172,44.69987487792969,40.987831115722656,501.2629699707031,33.380672454833984,193.2731170654297,48.80888366699219,165.54669189453125,261.8231506347656,115.41507720947266,20.5,27.23825454711914,96.81835174560548,23.709999084472656
2024-08-31,55.400001525878906,229.8812713623047,65.74359893798828,269.2838134765625,27.731674194335938,129.6526336669922,79.52819061279297,64.83792114257812,13.040935516357422,58.89482879638672,199.9993438720703,14.348929405212402,37.300575256347656,24.977752685546875,26.049999237060547,12.347393035888672,18.911237716674805,32.59665298461914,93.99984741210938,80.30178833007812,7.418000221252441,32.70124053955078,83.94039916992188,172.61936950683594,268.1806945800781,473.0333862304687,38.54062271118164,38.067928314208984,41.17648696899414,539.2706298828125,31.58049774169922,195.9489288330078,51.710079193115234,166.03524780273438,248.56753540039065,117.68878173828124,19.170000076293945,29.89400863647461,90.23246002197266,23.440000534057617
2024-09-30,55.939998626708984,235.72738647460935,70.4997329711914,282.8007507324219,30.17990493774414,134.0157012939453,75.12577056884766,64.60643005371094,16.106237411499023,56.06000518798828,207.68785095214844,15.078635215759276,38.09035873413086,25.63838577270508,33.06999969482422,12.872711181640623,19.807281494140625,33.43672180175781,95.90617370605467,81.89307403564453,9.196000099182127,31.175182342529297,90.41960144042967,155.0972900390625,278.1133117675781,477.8671569824219,38.92915725708008,36.51950454711914,40.183563232421875,483.9505920410156,31.628889083862305,202.5690765380859,52.96889877319336,177.1941680908203,251.35818481445312,122.68103790283205,18.469999313354492,31.380081176757812,89.2755355834961,29.6200008392334
2024-10-31,58.20000076293945,217.39633178710935,57.07357025146485,277.43231201171875,24.676362991333008,122.95928955078124,68.61702728271484,57.71944808959961,15.916178703308104,55.21148681640625,210.64495849609375,15.20122528076172,35.140567779541016,27.027658462524418,37.529998779296875,11.966657638549805,19.08101463317871,32.7431755065918,99.44369506835938,77.21623992919922,10.125,28.76222801208496,83.70899963378906,149.20751953125,298.6738586425781,454.568359375,36.13361358642578,40.68759536743164,38.77361297607422,470.8170776367187,28.81248664855957,212.8759307861328,47.17634963989258,174.32138061523438,236.90658569335935,109.33539581298828,18.760000228881836,28.916078567504883,83.4401626586914,27.6200008392334
2024-11-30,57.720001220703125,221.06256103515625,56.03316879272461,280.1165466308594,19.29523468017578,121.62062072753906,66.43478393554688,58.838340759277344,14.156919479370115,59.82048416137695,218.3334503173828,15.639047622680664,33.08523178100586,29.41759490966797,51.02000045776367,11.74496364593506,16.378734588623047,32.49897003173828,117.32785034179688,78.36119079589844,11.5600004196167,30.53602409362793,84.59603118896484,138.99859619140625,320.02899169921875,477.8671569824219,32.8073844909668,43.14170455932617,41.09208679199219,619.2657470703125,30.844942092895508,222.8854522705078,50.470924377441406,178.97256469726562,217.0730133056641,103.30514526367188,15.6899995803833,30.104934692382812,75.72846984863281,29.420000076293945
2024-12-31,56.279998779296875,234.6374359130859,45.10397720336914,283.66351318359375,19.221588134765625,122.95928955078124,74.93601989746094,56.61984634399414,15.121831893920898,62.50102615356445,220.4034423828125,16.18973159790039,32.3335075378418,28.164335250854492,50.08000183105469,10.838909149169922,15.76093578338623,32.7041015625,117.9174346923828,81.89307403564453,12.28499984741211,31.115726470947266,78.44464874267578,137.37889099121094,319.830322265625,476.6103820800781,34.20042037963867,43.87209701538086,42.74034118652344,614.6889038085938,27.6607608795166,234.183349609375,51.23801803588867,185.2653350830078,217.0730133056641,101.47630310058594,15.670000076293944,28.273712158203125,83.17748260498047,32.83000183105469
2025-01-31,57.0,252.57212829589844,58.51031875610352,301.39849853515625,21.53645896911621,127.86774444580078,74.57546997070312,58.62613677978515,18.206626892089844,66.31935119628906,234.99183654785156,18.42749786376953,33.123294830322266,31.428638458251953,57.84000015258789,11.007590293884276,17.10500144958496,36.113224029541016,134.08193969726562,81.71841430664062,10.649999618530272,31.76479721069336,76.82484436035156,143.71038818359375,328.4717102050781,505.0330200195313,36.199947357177734,29.61488151550293,41.40830612182617,751.5960083007812,28.918947219848633,266.09490966796875,54.05069732666016,202.7072296142578,279.0653991699219,97.59123229980467,16.209999084472656,28.36958694458008,92.54033660888672,36.13999938964844
2025-02-28,58.060001373291016,243.9515838623047,59.501182556152344,316.6409606933594,22.60133934020996,131.14004516601562,79.60409545898438,61.558406829833984,20.087718963623047,66.66647338867188,247.60885620117188,20.164196014404297,35.86374282836914,33.760284423828125,54.939998626708984,11.86063003540039,18.071786880493164,37.56869125366211,142.68008422851562,80.70930480957031,11.875,35.188514709472656,77.34549713134766,133.55055236816406,331.74945068359375,528.428466796875,35.60293197631836,28.07619285583496,36.60695266723633,1001.4315185546876,29.34479522705078,262.9235534667969,52.87055206298828,216.14288330078125,240.0959014892578,96.00952911376952,17.549999237060547,28.714740753173828,97.66270446777344,34.75
2025-03-31,58.79999923706055,214.7209930419922,60.0461540222168,337.5394592285156,21.964401245117188,118.3979034423828,69.90738677978516,57.48794937133789,20.43859481811523,62.25032424926758,268.2100830078125,21.229564666748047,37.56700897216797,33.24538040161133,53.84000015258789,13.455862998962402,18.80276870727539,38.45759963989258,154.81576538085938,71.29743194580078,7.77400016784668,30.395000457763672,63.11438751220703,124.27415466308594,318.1417541503906,563.038330078125,32.75053024291992,21.804576873779297,36.45288848876953,1312.3577880859375,31.95795440673828,242.21078491210935,49.61000061035156,211.8999938964844,212.8870391845703,94.6057586669922,18.989999771118164,23.93054580688477,87.77446746826172,31.760000228881836
2025-04-30,58.7599983215332,199.8579864501953,60.099998474121094,349.0432434082031,22.919809341430664,122.95928955078124,70.49564361572266,56.50410079956055,22.63157844543457,65.99152374267578,279.4471130371094,22.358177185058594,35.69246292114258,30.700000762939453,67.54000091552734,14.858318328857422,18.628276824951172,40.8312873840332,171.22593688964844,66.36831665039062,9.154000282287598,28.88999938964844,71.87866973876953,119.66050720214844,301.8522644042969,581.5999755859375,34.27622985839844,21.97987174987793,37.52634811401367,1491.451416015625,33.10000228881836,253.01315307617188,47.380001068115234,201.9499969482422,227.1000061035156,100.38887786865234,19.88999938964844,28.03402328491211,89.53822326660156,31.969999313354492
2025-05-31,60.099998474121094,217.49542236328125,56.900001525878906,334.28009033203125,24.73500061035156,120.6500015258789,74.10107421875,57.52653503417969,26.11111068725586,77.30000305175781,279.4471130371094,23.700836181640625,37.46233749389648,33.279998779296875,85.5,14.872776985168455,17.97746467590332,42.17930603027344,169.45716857910156,70.4800033569336,10.454999923706056,34.275001525878906,72.07150268554688,115.5,348.1382751464844,552.4039916992188,33.26225280761719,22.203857421875,39.5092658996582,1875.507568359375,32.064414978027344,263.5181884765625,46.58000183105469,211.8000030517578,211.0,103.84886169433594,22.940000534057617,27.640932083129883,89.46316528320312,31.450000762939453
2025-06-30,60.560001373291016,197.9499969482422,57.0,344.1000061035156,25.53499984741211,106.5999984741211,75.45999908447266,56.20000076293945,26.780000686645508,74.0999984741211,276.8999938964844,25.170000076293945,39.209999084472656,30.969999313354492,98.05999755859376,15.625,17.5,42.68000030517578,199.4499969482422,66.66000366210938,7.941999912261963,36.1150016784668,75.3499984741211,110.0,377.2000122070313,550.5999755859375,33.689998626708984,23.18000030517578,40.63739013671875,1797.0,35.43000030517578,258.1499938964844,47.060001373291016,217.6499938964844,216.0,89.13999938964844,23.63999938964844,29.90999984741211,89.62000274658203,27.950000762939453
2025-07-31,60.380001068115234,168.0500030517578,48.63999938964844,347.20001220703125,27.350000381469727,109.0,83.87999725341797,54.540000915527344,32.040000915527344,75.19999694824219,254.1000061035156,28.98500061035156,39.45000076293945,31.479999542236328,102.0,15.954999923706056,17.469999313354492,41.97999954223633,202.5,67.58000183105469,9.293999671936035,34.6349983215332,69.75,110.3000030517578,378.2000122070313,575.5999755859375,35.33000183105469,18.645000457763672,43.53473663330078,1735.5,35.90999984741211,250.8000030517578,47.29999923706055,224.8999938964844,187.5500030517578,79.5,25.200000762939453,27.280000686645508,92.12000274658205,25.719999313354492
2025-08-31,60.400001525878906,166.35000610351562,43.099998474121094,361.2000122070313,28.059999465942383,98.23999786376952,89.45999908447266,53.68000030517578,32.349998474121094,75.0,253.6999969482422,30.030000686645508,38.880001068115234,31.3799991607666,90.72000122070312,15.244999885559082,16.489999771118164,46.40999984741211,202.5,72.22000122070312,7.452000141143799,34.959999084472656,71.55000305175781,108.3000030517578,381.0,544.5999755859375,36.66999816894531,20.68000030517578,39.709999084472656,1637.5,34.2400016784668,231.6999969482422,47.369998931884766,236.6000061035156,198.1999969482422,82.77999877929688,27.299999237060547,27.93000030517578,100.25,24.270000457763672
2025-09-30,58.040000915527344,181.1000061035156,42.599998474121094,356.3999938964844,27.71500015258789,88.4800033569336,85.55999755859375,50.2400016784668,31.8799991607666,56.400001525878906,226.3000030517578,30.030000686645508,37.939998626708984,28.780000686645508,99.0999984741211,16.0049991607666,14.600000381469728,46.470001220703125,188.8000030517578,68.86000061035156,7.230000019073486,33.040000915527344,66.8499984741211,107.3000030517578,373.7999877929687,544.2000122070312,33.47999954223633,20.229999542236328,37.619998931884766,1988.5,37.779998779296875,225.5500030517578,45.599998474121094,226.1999969482422,193.0500030517578,73.54000091552734,26.34000015258789,26.270000457763672,91.76000213623048,26.219999313354492
2025-10-31,58.91999816894531,163.8000030517578,43.900001525878906,348.20001220703125,26.950000762939453,91.72000122070312,80.72000122070312,48.150001525878906,31.510000228881836,65.4800033569336,219.5,30.93000030517578,39.79999923706055,26.88999938964844,107.3000030517578,16.139999389648438,14.529999732971191,50.02000045776367,203.1000061035156,70.26000213623047,7.019999980926514,34.31999969482422,66.05000305175781,113.4499969482422,378.1000061035156,536.4000244140625,34.459999084472656,18.420000076293945,40.7599983215332,1701.5,42.65999984741211,224.4499969482422,48.56999969482422,245.5500030517578,238.1000061035156,71.77999877929688,26.739999771118164,26.049999237060547,90.22000122070312,24.260000228881836
2025-11-30,59.119998931884766,160.39999389648438,44.540000915527344,372.2999877929687,30.48500061035156,92.66000366210938,88.04000091552734,49.45000076293945,33.880001068115234,64.54000091552734,230.5,30.61000061035156,44.83000183105469,27.760000228881836,115.3000030517578,15.350000381469728,13.270000457763672,47.33000183105469,221.3000030517578,69.58000183105469,6.190000057220459,36.33000183105469,64.80000305175781,116.0,352.29998779296875,544.0,37.130001068115234,19.950000762939453,41.125,1480.5,43.7400016784668,208.5500030517578,42.84000015258789,228.3000030517578,251.1999969482422,71.44000244140625,25.86000061035156,26.1200008392334,98.37999725341795,23.200000762939453
