Date,ACS.MC,ACX.MC,AMS.MC,ANA.MC,APAM.MC,BBVA.MC,BKT.MC,CABK.MC,CIE.MC,CLNX.MC,COL.MC,ELE.MC,ENG.MC,FAE.MC,FDR.MC,FER.MC,GRF.MC,IAG.MC,IBE.MC,IDR.MC,ITX.MC,LOG.MC,MAP.MC,MRL.MC,NTGY.MC,PHM.MC,RED.MC,REP.MC,SAB.MC,SAN.MC,SCYR.MC,SLR.MC,TEF.MC,UNI.MC,VIS.MC
2020-12-31,19.628847122192383,6.734776973724365,56.597755432128906,99.24729919433594,25.10324478149414,3.0199363231658936,2.3677377700805664,1.5632160902023315,18.93351936340332,45.24628829956055,6.529961109161377,15.753308296203612,11.77792739868164,2.719343662261963,17.921707153320312,20.259431838989254,23.21733856201172,1.7210257053375244,9.436537742614746,6.589150428771973,21.967132568359375,11.28803825378418,1.103404879570007,5.753093242645264,14.107821464538574,66.80776977539062,12.614365577697754,6.069394588470459,0.2797238826751709,2.1252193450927734,1.5750724077224731,23.63999938964844,2.183546304702759,0.5551639199256897,46.42137145996094
2021-01-31,18.594989776611328,6.923791408538818,49.9268913269043,105.200439453125,26.74248695373535,2.8193559646606445,2.4865520000457764,1.5527992248535156,18.641704559326172,44.50017166137695,6.468933582305908,15.331880569458008,12.35082721710205,2.9917659759521484,16.93793296813965,17.753896713256836,23.625682830810547,1.550940990447998,9.021170616149902,6.862911224365234,20.659568786621097,11.060283660888672,1.0796998739242554,5.849224090576172,15.856415748596191,98.80022430419922,11.775917053222656,6.179460048675537,0.2858873009681701,2.022223949432373,1.409767985343933,21.239999771118164,2.5179901123046875,0.4433546662330627,47.62367630004883
2021-02-28,18.62854385375977,7.272243976593018,54.64020538330078,113.44978332519533,25.43402862548828,3.445047378540039,2.9393341541290283,1.7908905744552612,19.761560440063477,41.49726104736328,6.5747151374816895,14.932230949401855,11.800392150878906,2.9876959323883057,19.076560974121097,18.50241470336914,20.24225425720215,2.139991044998169,8.523587226867676,6.867630958557129,23.038494110107425,11.401914596557615,1.1210622787475586,6.3483686447143555,15.409968376159668,103.1286163330078,10.595539093017578,7.924041748046875,0.3291892409324646,2.4262502193450928,1.665502667427063,18.600000381469727,2.498152256011963,0.5637048482894897,47.66459655761719
2021-03-31,20.775165557861328,8.39076042175293,57.37697219848633,121.52903747558594,28.29352569580078,3.312574625015259,3.2087604999542236,1.96350622177124,19.379528045654297,45.22786712646485,6.717113018035889,16.392757415771484,12.585274696350098,2.975484609603882,20.830238342285156,19.92774772644043,21.710350036621097,2.24569320678711,8.981447219848633,7.075311660766602,23.704933166503903,12.623246192932127,1.2665438652038574,6.448197364807129,15.551340103149414,93.10743713378906,11.539316177368164,8.034361839294434,0.3603222966194153,2.4258313179016113,1.7371546030044556,18.079999923706055,2.7043240070343018,0.6658084988594055,48.196475982666016
2021-04-30,19.9444522857666,8.707534790039062,53.880001068115234,123.05985260009766,31.882768630981445,3.4955668449401855,3.429994821548462,1.984339475631714,20.108863830566406,46.78059387207031,6.863580226898193,15.884119033813477,12.313453674316406,2.821622371673584,24.72254180908203,21.19171905517578,21.924245834350582,2.224552869796753,9.185850143432615,8.179797172546387,24.98719596862793,12.922021865844728,1.2768844366073608,6.798707962036133,16.353172302246094,89.39068603515625,11.673050880432127,7.5611252784729,0.4167412519454956,2.6921114921569824,1.8358745574951172,17.05500030517578,2.730184316635132,0.6370798349380493,46.55992126464844
2021-05-31,18.746170043945312,8.850838661193848,58.66932678222656,117.4468994140625,33.13277816772461,3.895280599594116,3.530102491378784,2.087760210037231,21.5501708984375,48.80934524536133,7.420965671539307,16.203834533691406,13.06435775756836,2.7532386779785156,28.27266502380371,21.54133415222168,22.19647789001465,2.2822086811065674,8.9896240234375,6.6174702644348145,27.051034927368164,13.385123252868652,1.328943967819214,7.014632701873779,16.429838180541992,72.81124877929688,12.548052787780762,8.311304092407227,0.4952852129936218,2.891988515853882,1.7578543424606323,15.9399995803833,2.848148822784424,0.7136906981468201,47.337284088134766
2021-06-30,16.60689926147461,7.681788444519043,56.36969375610352,108.2620620727539,32.485321044921875,3.9650559425354,3.190640449523926,1.9486565589904783,21.67172622680664,53.42375564575195,6.928677082061768,14.866836547851562,13.24104118347168,2.7402138710021973,28.614843368530273,22.364274978637695,22.206199645996097,1.9449222087860107,8.40503215789795,7.264113426208496,25.360877990722656,12.951899528503418,1.3236111402511597,6.680357456207275,16.621509552001953,71.84523010253906,11.963445663452148,8.029797554016113,0.4537216424942016,2.7192633152008057,1.7053091526031494,15.239999771118164,2.79217791557312,0.6776536703109741,48.11464309692383
2021-07-31,17.1986026763916,8.866594314575195,52.49260711669922,109.8779067993164,40.24065780639648,4.103847026824951,3.467628717422486,1.8817980289459229,21.810651779174805,54.655242919921875,7.315184593200684,15.840465545654297,13.15609645843506,2.7026920318603516,29.21366310119629,22.590173721313477,21.191755294799805,1.8954343795776367,8.306918144226074,8.326117515563965,24.40483283996582,13.571856498718262,1.2898244857788086,7.233994483947754,16.705846786499023,68.2273941040039,13.37405776977539,7.0156121253967285,0.4633618295192718,2.6077728271484375,1.6711599826812744,16.264999389648438,2.8809375762939453,0.6075380444526672,48.151458740234375
2021-08-31,17.741880416870117,9.075360298156738,49.147674560546875,120.69012451171876,38.93433380126953,4.206993579864502,3.735585212707519,1.977202534675598,21.33827018737793,57.69938278198242,7.643599510192871,15.724617004394531,13.780206680297852,2.7158353328704834,29.77119827270508,22.156444549560547,20.450439453125,1.790212631225586,8.789865493774414,8.623478889465332,24.6779842376709,13.736184120178224,1.355912446975708,7.565870761871338,16.71350860595703,69.1176528930664,13.50599765777588,7.598334789276123,0.4788494408130646,2.6415576934814453,1.70706307888031,16.799999237060547,3.116047620773315,0.61380535364151,49.17945861816406
2021-09-30,18.199785232543945,8.73660945892334,54.051048278808594,125.60193634033205,36.44706726074219,4.335926055908203,3.81461763381958,2.016265630722046,19.093982696533203,53.023738861083984,6.988910675048828,13.453970909118652,13.737290382385254,2.776625156402588,29.642133712768555,22.798004150390625,20.83592414855957,1.9987342357635496,7.273101806640625,8.760358810424805,27.16200828552246,13.902043342590332,1.3997234106063845,6.784355163574219,16.907960891723633,70.53826141357422,13.841848373413086,8.845541954040527,0.573354959487915,2.6491591930389404,1.7348074913024902,13.675000190734863,3.0158185958862305,0.7058565616607666,46.50666046142578
2021-10-31,17.563373565673828,9.481071472167969,54.96329498291016,145.42459106445312,38.6043815612793,4.597583770751953,3.680213689804077,1.86677348613739,20.619396209716797,52.90436935424805,7.013929843902588,15.40410041809082,13.880348205566406,2.8982059955596924,28.437519073486328,24.632326126098633,19.5658016204834,1.8589189052581787,8.55535888671875,9.86484432220459,26.666908264160156,14.077631950378418,1.3592538833618164,7.163642406463623,17.669788360595703,63.586727142333984,14.401601791381836,8.656072616577148,0.5502817630767822,2.767406463623047,2.007350206375122,17.270000457763672,2.805299758911133,0.7265245318412781,48.644901275634766
2021-11-30,16.46129608154297,7.758171081542969,53.670936584472656,138.14459228515625,32.685035705566406,3.61437463760376,3.357170820236206,1.7082669734954834,21.461002349853516,51.77027130126953,6.671990394592285,15.319143295288086,14.370327949523926,2.7141926288604736,29.03982734680176,22.192590713500977,15.646711349487305,1.4404339790344238,8.294886589050293,9.704364776611328,24.052820205688477,12.497333526611328,1.3432890176773071,7.5245771408081055,18.89027214050293,54.26748275756836,14.98134422302246,7.665666580200195,0.4712636470794678,2.357567548751831,1.70706307888031,16.5,2.9781858921051025,0.6110659241676331,46.13657760620117
2021-12-31,18.29291725158691,8.969006538391113,56.673770904541016,147.4419403076172,35.12331008911133,4.035187721252441,3.484687089920044,1.8134373426437376,23.985828399658203,50.94352722167969,6.880489826202393,15.60104274749756,14.592068672180176,2.8571317195892334,30.47186279296875,25.180971145629883,16.679611206054688,1.6374247074127195,8.718676567077637,8.986920356750488,24.631261825561523,13.382909774780272,1.384104609489441,7.429160118103027,22.650062561035156,54.00230407714844,15.21324062347412,8.170655250549316,0.4676288068294525,2.5208828449249268,1.86536705493927,17.1200008392334,2.870504379272461,0.6825403571128845,46.79450225830078
2022-01-31,17.29949951171875,8.862654685974121,57.52901077270508,135.3378448486328,37.948448181152344,4.330331802368164,4.056958198547363,2.137962818145752,22.56561279296875,40.113800048828125,6.538550853729248,15.709847450256348,14.194439888000488,2.963459014892578,24.32554817199707,22.449071884155273,15.429258346557615,1.8036655187606812,8.509293556213379,8.48659896850586,23.08587074279785,13.703550338745115,1.4730305671691897,7.786255836486816,22.254497528076172,52.7900505065918,14.321637153625488,8.80169677734375,0.543170154094696,2.652906894683838,1.8033510446548464,15.399999618530272,3.1948659420013428,0.7155284285545349,45.53382873535156
2022-02-28,17.266490936279297,8.984763145446777,56.95885467529297,134.2853240966797,37.8262825012207,4.065931797027588,3.9834799766540527,2.2085776329040527,21.26743507385254,40.45222854614258,6.296690940856934,15.56735610961914,13.991134643554688,2.9530787467956543,23.546436309814453,22.312021255493164,16.817989349365234,1.7070921659469604,8.66976547241211,9.704364776611328,20.37496757507324,12.375184059143066,1.3503737449645996,7.778493404388428,19.0108642578125,51.634613037109375,14.462395668029783,9.35416030883789,0.6122319102287292,2.558604001998902,1.7453373670578003,16.614999771118164,3.309009313583374,0.6585845947265625,46.6732292175293
2022-03-31,19.38721466064453,7.862160205841064,56.23665237426758,152.17832946777344,31.481176376342773,4.004443168640137,4.161704063415527,2.3114938735961914,18.353599548339844,43.5080451965332,6.872150421142578,15.654430389404297,14.896771430969238,3.18143630027771,22.7673282623291,22.047056198120117,16.2891845703125,1.6167646646499634,8.448338508605957,9.534443855285645,17.07698631286621,13.271586418151855,1.4565485715866089,8.217101097106934,21.48710060119629,64.79898071289062,15.099308013916016,9.593927383422852,0.5891585946083069,2.6576216220855713,1.8270195722579956,20.43000030517578,3.396068572998047,0.7406623363494873,45.407222747802734
2022-04-30,19.45843505859375,7.944877624511719,57.395973205566406,164.45785522460938,28.44684600830078,3.888383626937866,4.452976703643799,2.3197572231292725,18.6556453704834,44.3541145324707,6.646970272064209,15.856300354003906,15.207269668579102,3.434013843536377,22.611509323120117,22.467348098754883,15.814743041992188,1.6499167680740356,9.37663459777832,9.218201637268066,17.353252410888672,13.983134269714355,1.337725043296814,8.08124828338623,23.204484939575195,69.1176528930664,15.525269508361816,11.49356460571289,0.6107518076896667,2.4145779609680176,2.152082681655884,21.31999969482422,3.5852761268615723,0.7076741456985474,44.35222244262695
2022-05-31,20.890714645385746,9.504705429077148,54.96329498291016,157.44097900390625,30.058935165405273,4.082612991333008,4.679105281829834,2.6537835597991943,21.143064498901367,41.8358039855957,6.375921249389648,16.331270217895508,15.754349708557127,3.468613862991333,21.330299377441406,21.937416076660156,19.363176345825195,1.4514846801757812,9.397924423217772,9.572203636169434,19.78325462341309,14.390875816345217,1.3246926069259644,8.17440414428711,22.727956771850582,68.4736328125,15.65102767944336,12.06482219696045,0.683812141418457,2.6324663162231445,2.2037599086761475,21.68000030517578,3.915712594985962,0.7497701644897461,42.284420013427734
2022-06-30,18.303112030029297,7.276042938232422,50.51605987548828,153.93255615234375,20.670978546142575,3.48095178604126,4.705986499786377,2.613598585128784,21.03645896911621,36.85890197753906,5.0915632247924805,14.24929428100586,15.576918601989746,3.356164932250977,16.742210388183594,22.37051773071289,17.826181411743164,1.203565001487732,8.427897453308105,8.614039421081543,19.076398849487305,14.918540954589844,1.3523117303848269,7.323831558227539,22.186813354492188,63.73825454711914,14.624664306640623,11.304485321044922,0.6243788003921509,2.347343921661377,1.9120365381240845,20.25,3.762489080429077,0.7538077235221863,44.689414978027344
2022-07-31,18.524681091308594,7.4824442863464355,53.86098861694336,175.94796752929688,24.435745239257812,3.5504825115203857,3.8465383052825928,2.307877540588379,22.724349975585938,43.4101448059082,5.3918023109436035,14.895998001098633,14.253583908081056,3.6391360759735103,15.72936725616455,24.11836051940918,14.055353164672852,1.356352686882019,8.886815071105957,8.401637077331543,20.93190574645996,16.101789474487305,1.266284704208374,8.33031177520752,23.115638732910156,56.9382438659668,16.227638244628906,9.755650520324709,0.5127360224723816,2.1307740211486816,1.9061671495437624,22.469999313354492,3.4732818603515625,0.6819396018981934,48.434818267822266
2022-08-31,18.79499626159668,7.514246463775635,50.00291442871094,175.12060546875,21.32844352722168,3.6103668212890625,4.086747169494629,2.366973400115967,21.99497413635254,38.61003112792969,5.117286205291748,14.22231101989746,14.117842674255373,3.4515063762664795,14.121536254882812,23.101097106933594,11.905536651611328,1.205006122589111,9.08921241760254,7.521010398864746,19.041051864624023,15.462196350097656,1.328995943069458,7.256202697753906,22.19489097595215,55.49491882324219,15.387986183166504,10.702982902526855,0.5639603137969971,2.1106886863708496,1.8993289470672607,21.18000030517578,3.2811636924743652,0.7239300012588501,47.58359146118164
2022-09-30,19.617074966430664,6.827953338623047,45.52717208862305,162.10548400878906,19.390682220458984,3.7140605449676514,4.616806983947754,2.6088709831237793,19.198238372802734,31.658830642700195,4.288442134857178,12.825029373168944,12.29393196105957,3.237696409225464,13.740830421447754,21.630691528320312,8.779159545898438,1.0382847785949707,8.386405944824219,7.535398960113525,18.802490234375,15.229053497314451,1.2783445119857788,6.776308536529541,19.367298126220703,51.976287841796875,13.257210731506348,9.730359077453612,0.5651095509529114,2.0936601161956787,1.9130054712295532,16.165000915527344,2.691255569458008,0.7481551766395569,47.58359146118164
2022-10-31,22.00878143310547,7.380986213684082,50.11695098876953,163.45187377929688,21.219987869262695,4.18710994720459,4.950546741485596,2.6419644355773926,23.221925735473633,32.96342468261719,4.635097026824951,14.04349136352539,12.747967720031738,3.329329252243042,12.156030654907228,22.851404190063477,8.506355285644531,1.3553918600082395,8.992936134338379,8.681777954101562,20.269222259521484,17.0989990234375,1.394922971725464,7.346357822418213,21.187314987182617,57.96178436279297,13.797289848327637,11.32941722869873,0.6531103849411011,2.2897088527679443,2.121572732925415,16.0,2.7781474590301514,0.7235262393951416,51.286434173583984
2022-11-30,22.9501953125,7.830741882324219,48.71055221557617,167.31150817871094,23.415163040161133,4.626729965209961,5.093008518218994,2.8066439628601074,21.92279815673828,32.465484619140625,5.104254245758057,14.721338272094728,13.37275505065918,3.215878963470459,12.660689353942873,23.674463272094727,10.037419319152832,1.4980899095535278,9.434926986694336,9.396465301513672,22.409683227539062,18.454509735107425,1.4616544246673584,7.6035237312316895,21.856565475463867,65.6301040649414,14.172812461853027,12.199009895324709,0.7301111221313477,2.5450737476348877,2.27372407913208,17.079999923706055,2.8578646183013916,0.7994319200515747,50.69057083129883
2022-12-31,22.70424461364746,7.69748067855835,46.13534164428711,154.29641723632812,23.739233016967773,4.64486837387085,5.073581695556641,2.893317222595215,21.706275939941406,30.792421340942383,5.221543788909912,14.667277336120604,12.04944896697998,3.063157320022583,13.261125564575195,23.020206451416016,10.645298957824709,1.3361730575561523,9.56620979309082,10.21667766571045,22.400665283203125,19.271080017089844,1.5035005807876587,7.693238735198975,20.138906478881836,61.48041534423828,13.721342086791992,12.240222930908203,0.7230513691902161,2.5022165775299072,2.2224371433258057,17.1200008392334,2.698430061340332,0.8325396776199341,51.243865966796875
2023-01-31,23.018047332763672,8.265503883361816,54.830265045166016,160.66932678222656,29.29591941833496,5.328324317932129,5.430184841156006,3.2045538425445557,24.575185775756836,35.731956481933594,5.803645133972168,15.195415496826172,13.332420349121094,3.0020687580108643,14.758936882019045,25.437938690185547,11.984609603881836,1.836337208747864,9.404292106628418,10.74429988861084,25.7990779876709,20.3162899017334,1.5325738191604614,7.859816551208496,21.538938522338867,57.86616897583008,13.704462051391602,12.438045501708984,1.005107045173645,2.8598039150238037,2.410490036010742,18.78499984741211,2.9056360721588135,0.9100602865219116,51.50188064575195
2023-02-28,24.735395431518555,8.910907745361328,56.445709228515625,159.86151123046875,30.32312774658203,6.0785603523254395,5.456432819366455,3.192734718322754,25.395750045776367,35.41327667236328,5.899214267730713,15.44493007659912,13.73324203491211,3.042372465133667,15.005528450012209,24.70415306091309,11.40144157409668,1.6965217590332031,9.666715621948242,11.454190254211426,26.22275161743164,18.65048599243164,1.6845853328704834,7.881734371185303,21.58864402770996,53.37226486206055,13.471673011779783,12.659975051879885,1.0357427597045898,3.3236403465270996,2.693937301635742,17.399999618530273,3.207282066345215,0.977083384990692,52.76438903808594
2023-03-31,25.33091163635254,8.129219055175781,58.59331130981445,165.7855987548828,27.95330238342285,5.41736364364624,4.286728382110596,2.823978900909424,24.31312561035156,35.612449645996094,5.0608134269714355,16.634281158447266,14.332453727722168,2.777817964553833,14.786337852478027,25.484975814819336,9.002542495727539,1.6484754085540771,10.21833610534668,11.943440437316896,27.854351043701172,19.523012161254883,1.5433725118637085,7.066383361816406,22.98867416381836,42.28092956542969,13.891860008239746,11.968128204345703,0.8299371600151062,3.0589096546173096,2.585620641708374,16.604999542236328,3.310608386993408,0.797816812992096,57.46617126464844
2023-04-30,26.927576065063477,8.405511856079102,60.56985855102539,150.79579162597656,27.1253604888916,5.482494354248047,4.476809978485107,2.641176700592041,25.06545639038086,38.01250076293945,5.034749507904053,16.9420166015625,14.700886726379396,2.930445671081543,14.183558464050291,26.74558448791504,9.212087631225586,1.6609673500061035,10.480801582336426,11.51175022125244,28.08872413635254,20.932064056396484,1.5093152523040771,7.022546768188477,23.871187210083008,36.027713775634766,14.153403282165527,11.259405136108398,0.8094862103462219,2.845071792602539,2.6223082542419434,14.3100004196167,3.437266111373902,0.7425026297569275,54.15751266479492
2023-05-31,26.858531951904297,8.185850143432617,63.57268905639648,135.8059844970703,25.485870361328125,5.295362949371338,4.46011209487915,2.8862361907958984,24.53332138061523,37.75358581542969,4.756730079650879,16.825572967529297,14.457963943481444,3.026601076126098,15.096858978271484,27.23477554321289,10.719430923461914,1.7263107299804688,10.14704704284668,11.003314971923828,28.75324249267578,19.74370765686035,1.5267595052719116,6.741995811462402,22.454103469848633,31.01749038696289,13.587438583374023,10.706769943237305,0.7916650772094727,2.7687456607818604,2.445857524871826,12.69499969482422,3.308108329772949,0.754701554775238,54.418724060058594
2023-06-30,27.764745712280273,8.343733787536621,66.23342895507812,139.48609924316406,23.90087127685547,6.084475994110107,4.700567245483398,3.1894302368164062,25.689340591430664,36.83737564086914,4.81754732131958,16.34317970275879,14.5753755569458,2.91213059425354,16.284151077270508,27.25358772277832,11.6040678024292,1.8132747411727903,10.636597633361816,11.108838081359863,32.585174560546875,20.949039459228516,1.58159077167511,7.092737674713135,22.99394416809082,29.124313354492188,13.192978858947754,11.246748924255373,0.9030466079711914,3.0778989791870117,2.804277181625366,14.045000076293944,3.096456289291382,0.8156874775886536,55.11528015136719
2023-07-31,27.436782836914062,8.213306427001953,61.97624588012695,122.38694763183594,23.801006317138672,6.238491535186768,4.9904303550720215,3.090049982070923,26.129730224609375,37.003780364990234,5.099909782409668,17.49934959411621,13.065205574035645,2.884657621383667,18.375608444213867,28.354270935058594,13.195426940917969,1.9136921167373655,10.106992721557615,12.682110786437988,31.98786735534668,21.492290496826172,1.6441936492919922,7.662690162658691,23.39882469177246,33.30195236206055,13.650126457214355,11.727666854858398,0.9587372541427612,3.349318265914917,2.860898494720459,14.225000381469728,3.361762046813965,0.8978491425514221,51.811180114746094
2023-08-31,29.339139938354492,8.192896842956543,60.83256530761719,121.9592056274414,21.678892135620117,6.28694486618042,5.022692680358887,3.1447935104370117,26.156402587890625,35.1705322265625,5.099460124969482,17.225431442260742,13.539971351623535,2.957918643951416,19.339754104614254,27.74759864807129,12.498589515686035,1.818560004234314,10.02655792236328,12.79213047027588,32.4932746887207,21.220664978027344,1.6963624954223633,7.481752872467041,22.555320739746097,34.74224853515625,13.47057819366455,12.313740730285645,0.915041446685791,3.275212287902832,2.704414129257202,13.739999771118164,3.315805196762085,0.863968014717102,52.689334869384766
2023-09-30,30.860898971557617,8.102709770202637,55.04722595214844,111.64561462402344,23.45292282104492,6.671119213104248,5.131364822387695,3.1885881423950195,23.8835506439209,32.84907913208008,4.8903913497924805,17.31075096130371,13.484074592590332,2.930445671081543,18.044851303100582,27.481979370117188,12.15264129638672,1.6398271322250366,9.692644119262695,13.429286003112791,32.428951263427734,20.952268600463867,1.6781034469604492,7.223917484283447,22.137426376342773,31.258289337158203,13.371827125549316,13.482768058776855,0.9428868293762208,3.290215015411377,2.560816764831543,14.649999618530272,3.3539578914642334,0.8631210923194885,50.75739288330078
2023-10-31,30.951478958129883,8.132771492004395,51.72209930419922,110.07315063476562,21.21365737915039,6.4219255447387695,5.1718573570251465,3.229856252670288,22.411787033081055,27.618330001831055,4.808581829071045,15.954626083374023,13.582968711853027,2.715240955352783,15.482985496520996,26.97920608520508,10.462441444396973,1.5879367589950562,9.605735778808594,12.988178253173828,29.911088943481445,20.06915283203125,1.7059268951416016,7.110831260681152,22.945236206054688,31.336143493652344,13.201255798339844,11.97169303894043,1.003289818763733,3.151550769805908,2.5092694759368896,14.149999618530272,3.161460876464844,0.8317810297012329,47.94729232788086
2023-11-30,33.1978874206543,8.903785705566406,60.37127304077149,119.78548431396484,25.60736846923828,7.516537189483643,5.589978218078613,3.4791488647460938,24.05122184753418,34.91147994995117,5.49032735824585,17.229921340942383,14.447222709655762,2.857184648513794,17.65358543395996,30.59355735778809,12.814884185791016,1.7066116333007812,10.378767013549805,13.870393753051758,35.40540313720703,20.588634490966797,1.7580960988998413,8.377391815185547,23.563983917236328,38.14834976196289,13.807230949401855,12.15787124633789,1.1480857133865356,3.536407232284546,2.8332836627960205,17.165000915527344,3.4285287857055664,0.8631210923194885,49.440162658691406
2023-12-31,36.37727737426758,9.42103672027588,62.35097122192383,123.30043029785156,28.50247383117676,7.26910924911499,5.027857780456543,3.1380558013916016,23.958070755004883,35.57185363769531,5.953915119171143,16.57880210876465,13.12719440460205,2.893815279006958,17.560422897338867,31.80728530883789,15.276053428649902,1.7114163637161257,10.859054565429688,13.723358154296877,36.902854919433594,21.19468879699707,1.739400029182434,9.31230354309082,23.640838623046875,39.97791290283203,13.385293006896973,11.646964073181152,0.9535965919494628,3.516403913497925,2.877467155456543,18.61000061035156,3.064344882965088,0.7538544535636902,47.06913757324219
2024-01-31,33.528926849365234,8.647370338439941,62.52396011352539,111.22937774658205,24.794906616210938,7.666761875152588,5.083846569061279,3.330078601837158,22.82164764404297,35.69155502319336,5.085824489593506,16.928701400756836,13.542106628417969,2.7885024547576904,19.096240997314453,34.10950469970703,10.027536392211914,1.667694091796875,10.223246574401855,16.144550323486328,37.1649055480957,22.718490600585938,1.8262356519699097,8.798553466796875,21.889667510986328,37.72014999389648,13.852118492126465,11.898088455200195,1.0614317655563354,3.47546648979187,2.813032627105713,13.69499969482422,3.395784616470337,0.7517369389533997,48.823184967041016
2024-02-29,35.17593002319336,9.24647331237793,52.622501373291016,95.68963623046876,23.9738826751709,8.117436408996582,5.215386390686035,3.5119948387145996,23.33327293395996,33.18775939941406,4.563153266906738,15.34278678894043,11.976103782653809,2.7812962532043457,20.462968826293945,33.377418518066406,7.496188163757324,1.6595261096954346,9.881929397583008,17.320838928222656,38.381587982177734,21.506376266479492,1.753723382949829,8.104296684265137,19.157838821411133,29.58443260192871,13.442461967468262,13.1386137008667,1.0535107851028442,3.5778093338012695,2.8454926013946533,11.020000457763672,3.416501760482788,0.8000174760818481,46.9315071105957
2024-03-31,35.95472717285156,9.273842811584473,57.51896667480469,104.38449096679688,25.62633514404297,9.755769729614258,6.027735233306885,3.784027099609375,25.20979118347168,32.688995361328125,4.99038028717041,15.826862335205078,12.353022575378418,2.9157254695892334,20.80465316772461,35.33286666870117,8.24145793914795,1.9891250133514404,10.696117401123049,18.830406188964844,43.67882537841797,23.591686248779297,2.096590518951416,9.233622550964355,17.59929084777832,27.968969345092773,14.452933311462402,13.776583671569824,1.2805832624435425,4.206752300262451,3.209625720977783,10.104999542236328,3.6831204891204834,0.9715404510498048,53.05693054199219
2024-04-30,34.84215545654297,9.232787132263184,57.82862091064453,100.54580688476562,24.438711166381836,8.9913911819458,6.701719284057617,4.535995960235596,23.598636627197266,30.97324562072754,4.994925498962402,15.766928672790527,12.34853458404541,3.156770944595337,18.887435913085938,32.55863952636719,8.545891761779785,1.9727890491485596,10.710076332092283,17.673725128173828,40.103660583496094,23.2819881439209,2.024973154067993,9.821425437927246,20.76891708374023,29.623361587524418,14.311192512512209,13.1386137008667,1.5807061195373535,4.254667282104492,3.066975355148315,9.574999809265137,3.788506507873535,1.0393028259277344,53.77756881713867
2024-05-31,38.12425231933594,9.18717098236084,63.22828674316406,109.0556640625,23.224693298339844,9.1064453125,7.333956718444824,4.827281475067139,26.584009170532227,33.447113037109375,5.653946876525879,16.87337875366211,12.680581092834473,3.5276107788085938,21.20328140258789,34.928287506103516,9.219995498657228,1.9333912134170532,11.259072303771973,20.683061599731445,41.47247314453125,24.1199951171875,1.9784218072891235,10.200953483581545,22.036968231201172,36.39664077758789,15.125057220458984,13.401832580566406,1.7421057224273682,4.587818622589111,3.2377803325653076,11.789999961853027,3.859664916992187,1.1936084032058716,54.13788604736328
2024-06-30,37.34545135498047,8.840484619140625,60.13170623779297,102.02578735351562,21.708003997802734,8.567755699157715,6.887777328491211,4.527751445770264,24.59376335144043,30.29492950439453,4.935840606689453,16.16801643371582,12.465200424194336,3.342190980911255,18.4982967376709,35.21681594848633,7.7689924240112305,1.8406615257263184,11.277740478515623,18.928430557250977,44.13828659057617,24.06534194946289,2.0050954818725586,9.837099075317385,18.001022338867188,30.966337203979492,14.92387580871582,13.14753532409668,1.6180866956710815,4.109536170959473,3.0913760662078857,11.56999969482422,3.566925287246704,1.1289215087890625,56.83892059326172
2024-07-31,38.254051208496094,8.840484619140625,58.776954650878906,110.53564453125,22.65806770324707,8.890235900878906,7.229891777038574,4.933537006378174,25.588884353637695,32.116729736328125,5.109320163726807,16.95026969909668,12.420329093933104,3.2865653038024902,19.5328369140625,35.68301010131836,9.190342903137209,1.8901492357254028,11.338250160217283,18.173648834228516,42.71017074584961,24.885129928588867,2.0832886695861816,9.978981018066406,19.804698944091797,38.478084564208984,15.641963958740234,11.755600929260254,1.7542377710342407,4.227683067321777,3.0613443851470947,11.010000228881836,3.905273199081421,1.1005654335021973,56.93134307861328
2024-08-31,39.66148376464844,8.96658706665039,59.7348518371582,118.24071502685548,22.72977066040039,8.785796165466309,7.32888126373291,5.0013203620910645,26.1763916015625,34.861324310302734,5.399514675140381,18.086599349975582,13.529800415039062,3.5595076084136963,21.573312759399418,36.65423583984375,9.903983116149902,2.08617901802063,12.285165786743164,16.80586051940918,46.63272857666016,25.322351455688477,2.120523452758789,10.489752769470217,21.052955627441406,40.399017333984375,16.415939331054688,11.498509407043455,1.7461495399475098,4.2665910720825195,3.048205852508545,11.25,3.825840473175049,1.085501194000244,56.46923828125
2024-09-30,40.00871658325195,9.103157043457031,63.63614273071289,123.2681121826172,25.491796493530273,8.893900871276855,7.266554355621338,4.913384914398193,24.923011779785156,36.358375549316406,5.927572727203369,18.58847999572754,13.3553466796875,3.5595076084136963,22.652942657470703,37.470069885253906,10.106609344482422,2.3754186630249023,13.310527801513672,16.378761291503906,50.59336853027344,25.16219139099121,2.226642608642578,10.754598617553713,21.19902801513672,49.2115478515625,16.69304084777832,10.935354232788086,1.7155944108963013,4.365758895874023,3.048205852508545,11.470000267028809,4.108059406280518,1.0146114826202393,58.87218475341797
2024-10-31,42.4393310546875,7.916402816772461,65.28292083740234,113.50334930419922,22.785350799560547,8.38269329071045,6.8650970458984375,5.120399475097656,23.717836380004883,33.63374328613281,5.294854640960693,18.754194259643555,12.618767738342283,3.3918323516845703,23.82896614074707,35.8189811706543,10.12637710571289,2.431518316268921,13.075748443603516,16.09071922302246,49.79362487792969,26.129253387451172,2.4444661140441895,9.70467758178711,20.870363235473633,69.85663604736328,16.24394416809082,10.570688247680664,1.6739263534545898,4.2627949714660645,2.9404730796813965,9.619999885559082,4.031430721282959,1.020814299583435,56.74650192260742
2024-11-30,42.40074920654297,8.957168579101562,65.10647583007812,116.30709075927734,24.906618118286133,8.440231323242188,6.866930961608887,4.713698387145996,24.199905395507812,33.91319274902344,5.19495153427124,19.639585494995117,12.579999923706056,3.4062047004699707,23.82896614074707,37.89741134643555,8.516239166259766,3.0540101528167725,12.92721462249756,16.54761505126953,50.40208435058594,28.156362533569336,2.2899417877197266,9.837099075317385,21.29032516479492,77.33242797851562,16.14838981628418,10.916890144348145,1.6711186170578003,4.246759414672852,2.9751124382019043,9.0600004196167,4.0052642822265625,1.079298496246338,56.46923828125
2024-12-31,46.72184371948242,8.900655746459961,66.85127258300781,105.09210968017578,23.416963577270508,8.927603721618652,7.283694744110107,4.921228408813477,24.489147186279297,30.49454689025879,4.923786640167236,19.667993545532227,11.416979789733888,3.334343671798706,22.9016056060791,39.93687438964844,9.042078971862791,3.535248041152954,12.74514102935791,16.964780807495117,47.94862747192383,27.15210723876953,2.336370944976806,9.784290313720703,21.816923141479492,79.0157241821289,15.766180992126465,10.79225730895996,1.7567569017410278,4.3331403732299805,3.0617098808288574,7.815000057220459,3.679124355316162,1.1289215087890625,57.7144889831543
2025-01-31,47.53205108642578,9.14083194732666,69.59590148925781,105.28546905517578,25.037708282470703,10.436946868896484,7.848086357116699,5.503955841064453,24.874801635742188,32.373592376708984,5.20922327041626,20.236160278320312,12.220000267028809,3.3918323516845703,24.225847244262695,40.75841522216797,8.199943542480469,3.9336822032928462,13.070958137512209,18.424863815307617,50.92368698120117,27.133508682250977,2.5675246715545654,10.766571998596191,22.096866607666016,91.73943328857422,15.517744064331056,10.404512405395508,2.132068395614624,4.817944049835205,3.042465925216675,7.559999942779541,3.8102641105651855,1.274964451789856,57.809104919433594
2025-02-28,50.52920913696289,10.995269775390623,71.81607818603516,114.76019287109376,27.29184913635254,12.113470077514648,8.89869213104248,6.285938739776611,22.236547470092773,34.42255401611328,5.447087287902832,20.7855224609375,12.539999961853027,3.2380263805389404,21.596837997436523,42.15640640258789,10.49703598022461,4.147998332977295,13.596612930297852,20.818607330322266,50.22822189331055,25.757307052612305,2.5923590660095215,10.063566207885742,23.328617095947266,94.85847473144533,16.711267471313477,11.831011772155762,2.487725257873535,6.038929462432861,3.326296806335449,7.869999885559082,4.1646623611450195,1.5514851808547974,57.619876861572266
2025-03-31,51.35675811767578,10.509183883666992,69.62367248535156,116.79049682617188,28.204605102539062,11.849003791809082,9.767206192016602,6.7427215576171875,22.089284896850582,32.81337356567383,5.190194129943848,23.76319694519043,13.31999969482422,3.8051657676696777,21.09050941467285,40.54182052612305,8.103078842163086,3.038423538208008,14.561532974243164,26.539751052856445,44.28776550292969,28.810697555541992,2.714622259140014,9.49056911468506,24.00048065185547,80.40196228027344,17.949138641357422,11.82140064239502,2.4156579971313477,6.0136942863464355,3.1703457832336426,6.869999885559082,4.215982437133789,1.5830345153808594,60.45829772949219
2025-04-30,53.64468765258789,9.658533096313477,68.32007598876953,124.13823699951172,24.167251586914062,11.390913009643556,9.762439727783203,6.327293395996094,22.82559585571289,35.6219482421875,5.42805814743042,25.70305061340332,13.770000457763672,4.139632701873779,19.78573989868164,42.215476989746094,8.197967529296875,2.986792802810669,15.492341995239258,27.830982208251953,45.630409240722656,29.536359786987305,2.9952118396759033,9.591687202453612,24.485715866088867,73.6192855834961,17.89111328125,10.38937759399414,2.5110714435577393,6.000106334686279,3.182190179824829,6.633999824523926,4.374783992767334,1.5551968812942505,60.17445373535156
2025-05-31,56.322052001953125,10.120314598083496,72.4678726196289,137.28683471679688,25.68362808227539,12.968996047973633,10.943026542663574,7.351046085357666,23.80734062194824,33.70292282104492,5.832427501678467,26.07162094116211,14.164999961853027,4.23173189163208,21.032087326049805,44.14510345458984,9.3603515625,3.774893045425415,15.67265510559082,35.99553298950195,46.90560150146485,27.888914108276367,3.1882665157318115,10.496925354003906,24.871191024780273,84.16461944580078,17.600988388061523,11.393715858459473,2.7470967769622803,6.940959453582764,3.5177807807922363,7.604000091552734,4.562633991241455,1.8814165592193604,59.9852294921875
2025-06-30,57.39300155639648,10.51890468597412,70.59149169921875,147.72837829589844,26.36282539367676,12.816824913024902,10.692127227783203,7.219497203826904,23.95460319519043,32.933311462402344,5.718252658843994,26.08131980895996,14.289999961853027,4.415931224822998,20.642602920532227,44.86467742919922,10.230162620544434,3.8830254077911377,15.882251739501951,36.611351013183594,43.4260139465332,27.261314392089844,3.4091131687164307,10.953052520751951,25.807920455932617,78.71867370605469,17.55263328552246,11.95114803314209,2.647202253341675,6.937010288238525,3.4230258464813232,9.836000442504885,4.316685676574707,1.948436617851257,58.709938049316406
2025-07-31,58.80470657348633,9.848106384277344,69.54466247558594,162.6172332763672,24.952945709228516,14.372907638549805,12.22844409942627,8.099109649658203,25.869007110595703,31.0,5.824999809265137,25.350000381469727,13.114999771118164,4.2220377922058105,21.684350967407227,44.50782775878906,12.96808910369873,4.357489109039307,14.970654487609863,36.09485626220703,41.19475555419922,27.222089767456055,3.5093233585357666,11.98635959625244,26.2667293548584,80.19999694824219,16.392127990722656,12.76326847076416,3.1740963459014893,7.4394917488098145,3.5899999141693115,11.270000457763672,4.52400016784668,2.239827871322632,58.32112884521485
2025-08-31,64.55000305175781,10.550000190734863,71.5999984741211,169.1999969482422,24.9915714263916,15.207399368286133,12.468121528625488,8.373988151550293,26.950000762939453,30.38999938964844,5.635000228881836,26.040000915527344,13.3149995803833,4.199999809265137,24.03447723388672,46.282188415527344,11.930246353149414,4.3654046058654785,16.075000762939453,34.47999954223633,41.47980499267578,27.457439422607425,3.678305387496948,12.527615547180176,26.481279373168945,81.30000305175781,16.610000610351562,14.010000228881836,3.178013801574707,8.055500984191895,3.6059999465942383,13.835000038146973,4.578000068664551,2.3019912242889404,58.12672424316406
2025-09-30,68.0,11.100000381469728,67.5,170.89999389648438,27.09865379333496,16.041893005371094,13.11378288269043,8.782380104064941,26.600000381469727,29.489999771118164,5.554999828338623,27.209999084472656,13.3100004196167,4.264999866485596,22.77054214477539,48.35393524169922,12.324999809265137,4.385193824768066,16.104999542236328,38.099998474121094,46.168399810791016,28.899999618530273,3.959287166595459,12.63586711883545,25.85589027404785,90.6500015258789,16.440000534057617,15.0649995803833,3.299999952316284,8.760356903076172,3.562000036239624,10.895000457763672,4.3979997634887695,2.263139009475708,56.47429275512695
2025-10-31,71.19999694824219,11.18000030517578,66.31999969482422,192.0,29.656986236572266,17.116914749145508,12.78606128692627,8.994428634643555,29.100000381469727,27.030000686645508,5.485000133514404,31.09000015258789,13.765000343322754,4.460000038146973,24.804685592651367,52.735328674316406,11.234999656677246,4.713686943054199,17.565000534057617,47.959999084472656,47.08252716064453,28.920000076293945,3.764761209487915,13.295215606689451,25.680002212524418,73.30000305175781,15.609999656677246,15.875,3.243000030517578,8.712972640991211,3.815999984741211,14.994999885559082,4.38700008392334,2.3399999141693115,52.391815185546875
2025-11-30,79.6500015258789,12.170000076293944,63.34000015258789,172.89999389648438,32.4908332824707,18.226299285888672,13.265417098999023,9.440126419067385,29.649999618530273,25.86000061035156,5.275000095367432,31.260000228881836,14.244999885559082,4.760000228881836,23.599998474121097,56.459999084472656,10.529999732971191,4.481168746948242,18.184999465942383,46.0,48.25,29.440000534057617,3.918023824691773,12.51777458190918,25.914522171020508,75.25,15.380000114440918,15.979999542236328,3.138000011444092,9.243000030517578,3.848000049591065,16.665000915527344,3.734999895095825,2.5299999713897705,52.1002082824707
