"Date","Price","Open","High","Low","Change %"
"11/28/2025","1.891","1.886","1.895","1.886","0.05%"
"11/27/2025","1.890","1.881","1.890","1.876","0.64%"
"11/26/2025","1.878","1.874","1.878","1.869","0.27%"
"11/25/2025","1.873","1.886","1.891","1.873","-0.64%"
"11/24/2025","1.885","1.885","1.888","1.885","0.27%"
"11/21/2025","1.880","1.885","1.885","1.867","0.00%"
"11/20/2025","1.880","1.888","1.901","1.880","-0.32%"
"11/19/2025","1.886","1.877","1.890","1.877","1.18%"
"11/18/2025","1.864","1.876","1.876","1.864","-0.59%"
"11/17/2025","1.875","1.852","1.875","1.846","0.05%"
"11/14/2025","1.874","1.868","1.874","1.857","0.37%"
"11/13/2025","1.867","1.862","1.878","1.856","0.43%"
"11/12/2025","1.859","1.844","1.859","1.838","0.27%"
"11/11/2025","1.854","1.859","1.864","1.854","-0.75%"
"11/10/2025","1.868","1.853","1.868","1.848","0.86%"
"11/07/2025","1.852","1.863","1.868","1.852","-0.27%"
"11/06/2025","1.857","1.847","1.857","1.847","0.65%"
"11/05/2025","1.845","1.850","1.850","1.845","0.00%"
"11/04/2025","1.845","1.845","1.845","1.845","0.27%"
"11/03/2025","1.840","1.840","1.840","1.840","-0.22%"
"10/31/2025","1.844","1.844","1.844","1.844","0.49%"
"10/30/2025","1.835","1.835","1.835","1.835","0.05%"
"10/29/2025","1.834","1.825","1.834","1.825","0.49%"
"10/28/2025","1.825","1.834","1.834","1.825","-0.49%"
"10/27/2025","1.834","1.842","1.842","1.834","-0.43%"
"10/24/2025","1.842","1.842","1.842","1.842","-0.43%"
"10/23/2025","1.850","1.842","1.850","1.842","0.49%"
"10/22/2025","1.841","1.849","1.849","1.841","0.05%"
"10/21/2025","1.840","1.840","1.840","1.840","-0.43%"
"10/20/2025","1.848","1.840","1.848","1.840","0.43%"
"10/17/2025","1.840","1.828","1.840","1.828","0.88%"
"10/16/2025","1.824","1.840","1.840","1.824","-1.88%"
"10/15/2025","1.859","1.853","1.859","1.853","0.38%"
"10/14/2025","1.852","1.864","1.864","1.852","-0.59%"
"10/13/2025","1.863","1.863","1.869","1.863","-0.27%"
"10/10/2025","1.868","1.868","1.868","1.868","0.05%"
"10/09/2025","1.867","1.867","1.867","1.867","0.11%"
"10/08/2025","1.865","1.865","1.865","1.865","-0.21%"
"10/07/2025","1.869","1.869","1.869","1.869","-0.27%"
"10/06/2025","1.874","1.874","1.874","1.874","-0.21%"
"10/03/2025","1.878","1.883","1.883","1.878","-0.21%"
"10/02/2025","1.882","1.877","1.882","1.877","0.16%"
"10/01/2025","1.879","1.879","1.879","1.879","0.05%"
"09/30/2025","1.878","1.883","1.883","1.878","-0.21%"
"09/29/2025","1.882","1.878","1.882","1.868","0.27%"
"09/26/2025","1.877","1.882","1.882","1.877","-0.21%"
"09/25/2025","1.881","1.885","1.885","1.881","-0.32%"
"09/24/2025","1.887","1.909","1.909","1.887","-0.21%"
"09/23/2025","1.891","2.031","2.031","1.891","-6.94%"
"09/22/2025","2.032","2.032","2.032","2.032","-0.10%"
"09/19/2025","2.034","2.034","2.034","2.034","-0.10%"
"09/18/2025","2.036","2.036","2.036","2.036","1.80%"
"09/17/2025","2.000","2.024","2.024","2.000","-0.10%"
"09/16/2025","2.002","2.018","2.018","2.002","-1.09%"
"09/15/2025","2.024","2.001","2.024","2.001","1.30%"
"09/12/2025","1.998","2.027","2.027","1.998","-0.15%"
"09/11/2025","2.001","2.001","2.001","2.001","0.15%"
"09/10/2025","1.998","2.035","2.035","1.998","-1.91%"
"09/09/2025","2.037","2.032","2.037","2.032","0.15%"
"09/08/2025","2.034","2.029","2.034","2.029","0.15%"
"09/05/2025","2.031","2.031","2.031","2.031","-0.10%"
"09/04/2025","2.033","2.033","2.033","2.033","-0.05%"
"09/03/2025","2.034","2.034","2.034","2.034","0.59%"
"09/02/2025","2.022","2.022","2.022","2.022","-0.10%"
"09/01/2025","2.024","2.024","2.024","2.024","-0.10%"
"08/29/2025","2.026","2.026","2.026","2.026","-0.10%"
"08/28/2025","2.028","2.028","2.028","2.028","-0.05%"
"08/27/2025","2.029","2.029","2.029","2.029","-0.10%"
"08/26/2025","2.031","2.026","2.031","2.026","0.15%"
"08/25/2025","2.028","2.050","2.050","2.028","-0.10%"
"08/22/2025","2.030","2.030","2.030","2.030","-0.10%"
"08/21/2025","2.032","2.032","2.032","2.032","-0.83%"
"08/20/2025","2.049","2.029","2.049","2.029","0.94%"
"08/19/2025","2.030","2.030","2.030","2.030","0.10%"
"08/18/2025","2.028","2.032","2.032","2.028","-0.10%"
"08/15/2025","2.030","2.030","2.030","2.030","0.15%"
"08/14/2025","2.027","2.027","2.027","2.027","-0.44%"
"08/13/2025","2.036","2.044","2.044","2.036","-1.02%"
"08/12/2025","2.057","2.057","2.057","2.057","-0.10%"
"08/11/2025","2.059","2.059","2.059","2.059","-0.10%"
"08/08/2025","2.061","2.055","2.061","2.055","0.19%"
"08/07/2025","2.057","2.057","2.057","2.057","-0.53%"
"08/06/2025","2.068","2.062","2.068","2.062","0.19%"
"08/05/2025","2.064","2.069","2.069","2.064","-0.34%"
"08/04/2025","2.071","2.055","2.071","2.055","0.44%"
"08/01/2025","2.062","2.062","2.062","2.062","-0.05%"
"07/31/2025","2.063","2.069","2.069","2.063","-0.24%"
"07/30/2025","2.068","2.073","2.073","2.068","-0.05%"
"07/29/2025","2.069","2.069","2.069","2.069","-0.10%"
"07/28/2025","2.071","2.071","2.071","2.071","0.15%"
"07/25/2025","2.068","2.068","2.068","2.068","-0.05%"
"07/24/2025","2.069","2.069","2.069","2.069","-0.19%"
"07/23/2025","2.073","2.069","2.073","2.069","0.14%"
"07/22/2025","2.070","2.061","2.070","2.061","0.15%"
"07/21/2025","2.067","2.071","2.071","2.067","-0.05%"
"07/18/2025","2.068","2.068","2.068","2.068","0.10%"
"07/17/2025","2.066","2.057","2.066","2.057","0.44%"
"07/16/2025","2.057","2.061","2.061","2.057","-0.29%"
"07/15/2025","2.063","2.075","2.075","2.063","-0.63%"
"07/14/2025","2.076","2.052","2.076","2.052","1.12%"
"07/11/2025","2.053","2.081","2.081","2.053","-2.05%"
"07/10/2025","2.096","2.096","2.096","2.096","-0.14%"
"07/09/2025","2.099","2.099","2.099","2.099","-0.10%"
"07/08/2025","2.101","2.101","2.101","2.101","-0.52%"
"07/07/2025","2.112","2.096","2.112","2.096","3.12%"
"07/04/2025","2.048","2.098","2.098","2.098","-0.05%"
"07/03/2025","2.049","2.104","2.104","2.099","-0.15%"
"07/02/2025","2.052","2.102","2.102","2.102","-0.05%"
"07/01/2025","2.053","2.103","2.103","2.103","-0.29%"
"06/30/2025","2.059","2.118","2.118","2.109","-0.48%"
"06/27/2025","2.069","2.119","2.119","2.119","-1.34%"
"06/26/2025","2.097","2.147","2.147","2.147","-0.07%"
"06/25/2025","2.099","2.148","2.148","2.148","0.00%"
"06/24/2025","2.099","2.145","2.149","2.145","0.19%"
"06/23/2025","2.095","2.158","2.158","2.145","-1.46%"
"06/20/2025","2.126","2.158","2.158","2.126","0.85%"
"06/19/2025","2.108","2.158","2.158","2.158","0.00%"
"06/18/2025","2.109","2.197","2.197","2.158","-1.75%"
"06/17/2025","2.146","2.188","2.196","2.188","0.37%"
"06/16/2025","2.138","2.196","2.196","2.188","-0.37%"
"06/13/2025","2.146","2.196","2.196","2.196","0.00%"
"06/12/2025","2.146","2.203","2.203","2.196","-0.33%"
"06/11/2025","2.153","2.207","2.207","2.203","-0.14%"
"06/10/2025","2.156","2.206","2.206","2.206","-0.69%"
"06/09/2025","2.171","2.206","2.221","2.206","-0.14%"
"06/06/2025","2.174","2.206","2.206","2.174","-1.00%"
"06/05/2025","2.196","2.266","2.266","2.246","-0.63%"
"06/04/2025","2.210","2.260","2.260","2.260","-0.05%"
"06/03/2025","2.211","2.275","2.275","2.261","-0.58%"
"06/02/2025","2.224","2.279","2.279","2.274","-0.76%"
"05/30/2025","2.241","2.296","2.296","2.291","-1.02%"
"05/29/2025","2.264","2.295","2.295","2.264","0.87%"
"05/28/2025","2.244","2.295","2.295","2.295","0.00%"
"05/27/2025","2.245","2.322","2.322","2.295","-1.21%"
"05/26/2025","2.273","2.296","2.322","2.296","1.22%"
"05/23/2025","2.245","2.299","2.299","2.295","0.04%"
"05/22/2025","2.244","2.294","2.294","2.294","0.00%"
"05/21/2025","2.244","2.294","2.294","2.294","0.04%"
"05/20/2025","2.243","2.301","2.301","2.293","-0.31%"
"05/19/2025","2.250","2.300","2.300","2.300","-0.31%"
"05/16/2025","2.257","2.307","2.307","2.307","0.09%"
"05/15/2025","2.255","2.301","2.305","2.301","0.00%"
"05/14/2025","2.255","2.320","2.320","2.305","-0.62%"
"05/13/2025","2.269","2.308","2.319","2.308","1.05%"
"05/12/2025","2.246","2.294","2.299","2.296","0.56%"
"05/09/2025","2.233","2.294","2.294","2.283","-0.89%"
"05/08/2025","2.253","2.291","2.303","2.291","0.27%"
"05/07/2025","2.247","2.318","2.318","2.297","-0.84%"
"05/06/2025","2.266","2.322","2.322","2.316","-0.18%"
"05/05/2025","2.270","2.288","2.320","2.288","1.25%"
"05/02/2025","2.242","2.292","2.292","2.292","0.09%"
"04/30/2025","2.240","2.280","2.290","2.280","0.40%"
"04/29/2025","2.231","2.262","2.281","2.262","0.95%"
"04/28/2025","2.210","2.260","2.260","2.260","0.05%"
"04/25/2025","2.209","2.240","2.259","2.240","0.91%"
"04/24/2025","2.189","2.239","2.239","2.239","-0.14%"
"04/23/2025","2.192","2.242","2.242","2.242","0.05%"
"04/22/2025","2.191","2.258","2.258","2.241","-0.75%"
"04/17/2025","2.207","2.262","2.262","2.257","-0.16%"
"04/16/2025","2.211","2.248","2.261","2.248","0.55%"
"04/15/2025","2.199","2.265","2.265","2.249","-0.50%"
"04/14/2025","2.210","2.252","2.260","2.252","-0.67%"
"04/11/2025","2.225","2.283","2.283","2.275","-0.31%"
"04/10/2025","2.232","2.254","2.282","2.254","1.87%"
"04/09/2025","2.191","2.279","2.279","2.241","-0.77%"
"04/08/2025","2.208","2.258","2.258","2.258","-0.20%"
"04/07/2025","2.213","2.278","2.278","2.263","-0.87%"
"04/04/2025","2.232","2.292","2.292","2.282","-1.06%"
"04/03/2025","2.256","2.306","2.306","2.306","0.04%"
"04/02/2025","2.255","2.310","2.310","2.305","-0.18%"
"04/01/2025","2.259","2.309","2.309","2.309","0.09%"
"03/31/2025","2.257","2.307","2.307","2.307","0.09%"
"03/28/2025","2.255","2.305","2.305","2.305","0.04%"
"03/27/2025","2.254","2.313","2.313","2.304","-0.57%"
"03/26/2025","2.267","2.313","2.317","2.313","0.44%"
"03/25/2025","2.257","2.307","2.307","2.307","0.09%"
"03/24/2025","2.255","2.305","2.305","2.305","0.04%"
"03/21/2025","2.254","2.304","2.304","2.304","0.09%"
"03/20/2025","2.252","2.307","2.307","2.302","-0.22%"
"03/19/2025","2.257","2.307","2.307","2.307","0.09%"
"03/18/2025","2.255","2.301","2.305","2.301","0.22%"
"03/17/2025","2.250","2.296","2.300","2.296","0.22%"
"03/14/2025","2.245","2.303","2.303","2.295","-0.27%"
"03/13/2025","2.251","2.293","2.301","2.293","0.31%"
"03/12/2025","2.244","2.294","2.294","2.294","-0.13%"
"03/11/2025","2.247","2.300","2.300","2.297","-0.09%"
"03/10/2025","2.249","2.303","2.303","2.299","-0.13%"
"03/07/2025","2.252","2.291","2.302","2.291","0.54%"
"03/06/2025","2.240","2.293","2.293","2.290","0.18%"
"03/05/2025","2.236","2.281","2.286","2.281","0.27%"
"03/04/2025","2.230","2.285","2.285","2.280","-0.13%"
"03/03/2025","2.233","2.283","2.283","2.283","0.04%"
"02/28/2025","2.232","2.282","2.282","2.282","0.04%"
"02/27/2025","2.231","2.281","2.281","2.281","-0.04%"
"02/26/2025","2.232","2.282","2.282","2.282","0.09%"
"02/25/2025","2.230","2.280","2.280","2.280","0.04%"
"02/24/2025","2.229","2.279","2.279","2.279","0.04%"
"02/21/2025","2.228","2.282","2.282","2.278","0.04%"
"02/20/2025","2.227","2.273","2.277","2.273","0.13%"
"02/19/2025","2.224","2.278","2.278","2.274","-0.13%"
"02/18/2025","2.227","2.281","2.281","2.277","-0.13%"
"02/17/2025","2.230","2.276","2.280","2.276","0.22%"
"02/14/2025","2.225","2.275","2.275","2.275","0.04%"
"02/13/2025","2.224","2.274","2.274","2.274","-0.04%"
"02/12/2025","2.225","2.275","2.275","2.275","-0.45%"
"02/11/2025","2.235","2.285","2.285","2.285","0.09%"
"02/10/2025","2.233","2.283","2.283","2.283","-0.18%"
"02/07/2025","2.237","2.287","2.287","2.287","0.31%"
"02/06/2025","2.230","2.280","2.280","2.280","-0.04%"
"02/05/2025","2.231","2.281","2.281","2.281","0.04%"
"02/04/2025","2.230","2.280","2.280","2.280","-0.62%"
"02/03/2025","2.244","2.309","2.309","2.294","-0.84%"
"01/31/2025","2.263","2.307","2.313","2.307","0.09%"
"01/30/2025","2.261","2.316","2.316","2.311","-0.18%"
"01/29/2025","2.265","2.325","2.325","2.315","-0.35%"
"01/28/2025","2.273","2.328","2.328","2.323","-0.13%"
"01/27/2025","2.276","2.330","2.330","2.326","-0.13%"
"01/24/2025","2.279","2.324","2.329","2.324","0.09%"
"01/23/2025","2.277","2.313","2.327","2.313","0.84%"
"01/22/2025","2.258","2.295","2.308","2.295","0.65%"
"01/21/2025","2.243","2.298","2.298","2.293","-0.33%"
"01/20/2025","2.251","2.301","2.301","2.301","0.07%"
"01/17/2025","2.250","2.299","2.299","2.299","-0.51%"
"01/16/2025","2.261","2.319","2.319","2.311","-0.70%"
"01/15/2025","2.277","2.327","2.327","2.327","-0.11%"
"01/14/2025","2.280","2.329","2.329","2.329","-0.11%"
"01/13/2025","2.282","2.332","2.332","2.332","0.09%"
"01/10/2025","2.280","2.330","2.330","2.330","0.40%"
"01/09/2025","2.271","2.329","2.329","2.321","-1.94%"
"01/08/2025","2.316","2.398","2.398","2.366","-1.24%"
"01/07/2025","2.345","2.395","2.395","2.395","-0.09%"
"01/03/2025","2.347","2.397","2.397","2.397","-0.09%"
"01/02/2025","2.349","2.420","2.420","2.399","-0.97%"
"12/30/2024","2.372","2.398","2.422","2.398","0.98%"
"12/27/2024","2.349","2.390","2.399","2.390","-0.04%"
"12/23/2024","2.350","2.391","2.400","2.391","0.32%"
"12/20/2024","2.342","2.415","2.415","2.220","0.06%"
"12/19/2024","2.341","2.400","2.400","2.374","-0.06%"
"12/18/2024","2.342","2.397","2.397","2.392","-0.93%"
"12/17/2024","2.365","2.382","2.414","2.378","0.62%"
"12/16/2024","2.350","2.364","2.668","2.344","0.95%"
"12/13/2024","2.328","2.386","2.568","2.378","-0.58%"
"12/12/2024","2.342","2.427","2.588","2.391","1.41%"
"12/11/2024","2.309","2.457","2.457","2.184","-3.97%"
"12/10/2024","2.405","2.454","2.631","2.454","-2.93%"
"12/09/2024","2.477","2.512","2.745","2.512","0.00%"
"12/06/2024","2.477","2.522","2.748","2.517","-4.49%"
"12/05/2024","2.594","2.543","2.644","2.184","4.85%"
"12/04/2024","2.474","2.553","2.781","2.524","-1.16%"
"12/03/2024","2.503","2.586","2.596","2.553","-1.30%"
"12/02/2024","2.536","2.572","2.803","2.567","0.04%"
"11/29/2024","2.535","2.595","2.814","2.585","-0.35%"
"11/28/2024","2.544","2.626","2.834","2.594","-0.97%"
"11/27/2024","2.569","2.628","2.837","2.619","0.55%"
"11/26/2024","2.555","2.622","2.833","2.605","8.10%"
"11/25/2024","2.364","2.609","2.921","2.414","-8.21%"
"11/22/2024","2.575","2.625","2.625","2.308","0.04%"
"11/21/2024","2.574","2.633","2.824","2.624","-0.08%"
"11/20/2024","2.576","2.622","2.626","2.609","-3.56%"
"11/19/2024","2.671","2.721","2.728","2.721","23.49%"
"11/18/2024","2.163","2.718","3.062","2.213","-18.84%"
"11/15/2024","2.665","2.727","2.727","2.715","-0.11%"
"11/14/2024","2.668","2.756","2.756","2.718","0.11%"
"11/13/2024","2.665","2.721","2.721","2.709","-0.11%"
"11/12/2024","2.668","2.730","2.730","2.718","-1.19%"
"11/11/2024","2.700","2.727","2.820","2.727","-0.11%"
"11/08/2024","2.703","2.753","2.753","2.741","0.33%"
"11/07/2024","2.694","2.789","2.789","2.744","-1.43%"
"11/06/2024","2.733","2.810","3.174","2.783","-1.05%"
"11/05/2024","2.762","2.806","2.812","2.796","0.15%"
"11/04/2024","2.758","2.797","2.818","2.787","-0.42%"
"11/01/2024","2.770","2.819","2.819","2.809","-0.05%"
"10/31/2024","2.771","2.836","2.836","2.811","0.22%"
"10/30/2024","2.765","2.863","2.863","2.640","-1.41%"
"10/29/2024","2.805","2.869","2.869","2.855","0.14%"
"10/28/2024","2.800","2.865","2.879","2.851","-0.37%"
"10/25/2024","2.811","2.879","2.879","2.861","-0.83%"
"10/24/2024","2.835","2.940","2.940","2.866","2.22%"
"10/23/2024","2.773","2.917","2.917","2.823","-2.84%"
"10/22/2024","2.854","2.917","2.917","2.904","0.00%"
"10/21/2024","2.854","2.904","2.917","2.899","-0.45%"
"10/18/2024","2.867","2.930","2.930","2.887","0.31%"
"10/17/2024","2.858","2.964","2.964","2.908","-0.31%"
"10/16/2024","2.867","2.925","2.925","2.913","0.14%"
"10/15/2024","2.863","2.917","2.917","2.905","0.00%"
"10/14/2024","2.863","2.897","2.913","2.885","0.42%"
"10/11/2024","2.851","2.913","2.917","2.901","-3.58%"
"10/10/2024","2.957","3.046","3.046","3.007","0.14%"
"10/09/2024","2.953","3.019","3.019","3.003","-0.14%"
"10/08/2024","2.957","3.033","3.033","3.007","1.13%"
"10/07/2024","2.924","2.979","2.990","2.974","0.03%"
"10/04/2024","2.923","2.984","2.984","2.973","0.00%"
"10/03/2024","2.923","3.033","3.033","2.973","-0.58%"
"10/02/2024","2.940","2.990","2.995","2.990","0.55%"
"10/01/2024","2.924","2.989","2.989","2.974","1.99%"
"09/30/2024","2.867","2.964","3.002","2.917","1.67%"
"09/27/2024","2.820","2.996","2.996","2.777","-4.24%"
"09/26/2024","2.945","3.023","3.083","2.912","-0.07%"
"09/25/2024","2.947","3.001","3.001","2.988","0.03%"
"09/24/2024","2.946","3.036","3.036","2.864","-1.14%"
"09/23/2024","2.980","3.039","3.047","3.026","-0.38%"
"09/20/2024","2.991","3.046","3.046","3.033","-3.13%"
"09/19/2024","3.088","3.169","3.169","3.138","-0.77%"
"09/18/2024","3.112","3.204","3.204","3.162","-1.19%"
"09/17/2024","3.149","3.205","3.205","3.194","-0.05%"
"09/16/2024","3.151","3.201","3.207","3.195","-0.22%"
"09/13/2024","3.158","3.202","3.208","3.196","-0.38%"
"09/12/2024","3.170","3.248","3.248","3.197","-0.25%"
"09/11/2024","3.178","3.233","3.233","3.228","-0.03%"
"09/10/2024","3.179","3.229","3.234","3.229","0.00%"
"09/09/2024","3.179","3.250","3.255","3.229","-0.69%"
"09/06/2024","3.201","3.256","3.256","3.251","0.16%"
"09/05/2024","3.196","3.271","3.271","3.246","-0.19%"
"09/04/2024","3.202","3.252","3.252","3.247","0.28%"
"09/03/2024","3.193","3.262","3.262","3.243","-0.47%"
"09/02/2024","3.208","3.282","3.286","3.258","-0.74%"
"08/30/2024","3.232","3.286","3.286","3.277","0.72%"
"08/29/2024","3.209","3.296","3.296","3.259","-0.71%"
"08/28/2024","3.232","3.286","3.286","3.277","0.12%"
"08/27/2024","3.228","3.286","3.286","3.278","-0.12%"
"08/26/2024","3.232","3.278","3.282","3.273","0.12%"
"08/23/2024","3.228","3.282","3.282","3.274","0.00%"
"08/22/2024","3.228","3.295","3.295","3.227","-1.41%"
"08/21/2024","3.274","3.283","3.324","3.262","1.39%"
"08/20/2024","3.229","3.283","3.283","3.275","0.00%"
"08/19/2024","3.229","3.295","3.303","3.275","-0.62%"
"08/16/2024","3.249","3.303","3.303","3.295","-2.70%"
"08/15/2024","3.339","3.433","3.433","3.389","-0.71%"
"08/14/2024","3.363","3.407","3.413","3.401","0.24%"
"08/13/2024","3.355","3.487","3.487","3.405","-2.30%"
"08/12/2024","3.434","3.441","3.484","3.420","1.61%"
"08/09/2024","3.379","3.441","3.441","3.430","0.07%"
"08/08/2024","3.377","3.472","3.472","3.427","-1.23%"
"08/07/2024","3.419","3.480","3.480","3.469","0.38%"
"08/06/2024","3.406","3.507","3.466","3.456","-0.23%"
"08/05/2024","3.414","3.507","3.469","3.443","-0.52%"
"08/02/2024","3.432","3.507","3.507","3.482","-0.64%"
"08/01/2024","3.454","3.530","3.530","3.504","-0.32%"
"07/31/2024","3.465","3.525","3.525","3.515","-0.20%"
"07/30/2024","3.472","3.527","3.527","3.522","-0.04%"
"07/29/2024","3.474","3.523","3.528","3.519","-0.04%"
"07/26/2024","3.475","3.530","3.530","3.525","-0.19%"
"07/25/2024","3.481","3.555","3.555","3.532","-0.26%"
"07/24/2024","3.490","3.545","3.545","3.536","-0.04%"
"07/23/2024","3.492","3.551","3.551","3.542","-0.17%"
"07/22/2024","3.498","3.548","3.552","3.543","-0.03%"
"07/19/2024","3.499","3.549","3.558","3.549","-0.17%"
"07/18/2024","3.505","3.567","3.567","3.555","0.03%"
"07/17/2024","3.504","3.566","3.566","3.554","-1.92%"
"07/16/2024","3.572","3.628","3.628","3.617","0.00%"
"07/15/2024","3.573","3.617","3.623","3.611","-0.17%"
"07/12/2024","3.579","3.635","3.635","3.623","0.14%"
"07/11/2024","3.574","3.640","3.640","3.624","-0.17%"
"07/10/2024","3.580","3.630","3.630","3.625","0.00%"
"07/09/2024","3.580","3.630","3.630","3.630","-0.03%"
"07/08/2024","3.581","3.631","3.631","3.625","-0.14%"
"07/05/2024","3.586","3.636","3.636","3.631","0.14%"
"07/04/2024","3.581","3.641","3.641","3.631","-0.03%"
"07/03/2024","3.582","3.618","3.632","3.613","0.39%"
"07/02/2024","3.568","3.623","3.623","3.618","-0.53%"
"07/01/2024","3.587","3.618","3.637","3.618","0.50%"
"06/28/2024","3.569","3.624","3.624","3.619","0.00%"
"06/27/2024","3.569","3.629","3.629","3.619","-0.06%"
"06/26/2024","3.571","3.621","3.621","3.612","0.11%"
"06/25/2024","3.567","3.626","3.626","3.617","-0.14%"
"06/24/2024","3.572","3.617","3.622","3.613","0.11%"
"06/20/2024","3.568","3.622","3.622","3.618","0.00%"
"06/19/2024","3.569","3.631","3.631","3.618","-1.07%"
"06/18/2024","3.607","3.637","3.657","3.633","-1.58%"
"06/17/2024","3.665","3.721","3.721","3.715","-0.14%"
"06/14/2024","3.670","3.726","3.726","3.720","0.03%"
"06/13/2024","3.669","3.741","3.741","3.719","-0.05%"
"06/12/2024","3.671","3.737","3.737","3.721","-0.27%"
"06/11/2024","3.681","3.736","3.736","3.731","-0.54%"
"06/10/2024","3.701","3.735","3.751","3.730","0.33%"
"06/07/2024","3.689","3.734","3.739","3.734","0.16%"
"06/05/2024","3.683","3.738","3.738","3.733","-0.03%"
"06/04/2024","3.684","3.739","3.739","3.730","-0.35%"
"06/03/2024","3.697","3.747","3.747","3.742","0.04%"
"05/31/2024","3.695","3.750","3.750","3.746","-0.09%"
"05/30/2024","3.699","3.754","3.754","3.744","-0.03%"
"05/29/2024","3.700","3.737","3.799","3.737","0.38%"
"05/28/2024","3.686","3.732","3.736","3.727","0.14%"
"05/27/2024","3.681","3.735","3.735","3.731","-0.32%"
"05/24/2024","3.693","3.734","3.743","3.730","0.24%"
"05/23/2024","3.684","3.742","3.742","3.734","-0.26%"
"05/22/2024","3.694","3.748","3.752","3.743","0.00%"
"05/21/2024","3.693","3.747","3.747","3.743","-0.30%"
"05/20/2024","3.704","3.754","3.754","3.754","0.03%"
"05/17/2024","3.703","3.757","3.757","3.753","-0.08%"
"05/16/2024","3.706","3.756","3.768","3.752","-1.20%"
"05/15/2024","3.751","3.801","3.801","3.795","0.05%"
"05/14/2024","3.749","3.805","3.805","3.764","-0.08%"
"05/13/2024","3.752","3.820","3.854","3.802","0.67%"
"05/10/2024","3.727","3.891","3.891","3.777","-2.87%"
"05/08/2024","3.837","3.893","3.893","3.865","0.13%"
"05/07/2024","3.832","3.893","3.893","3.882","-0.25%"
"05/06/2024","3.842","3.881","3.891","3.876","0.35%"
"05/03/2024","3.828","3.888","3.888","3.878","-0.18%"
"05/02/2024","3.835","3.895","3.895","3.880","-0.03%"
"04/30/2024","3.836","3.886","3.886","3.881","0.08%"
"04/29/2024","3.833","3.887","3.892","3.878","-0.08%"
"04/26/2024","3.836","3.886","3.886","3.882","0.08%"
"04/25/2024","3.833","3.893","3.897","3.883","-0.62%"
"04/24/2024","3.857","3.907","3.907","3.902","0.08%"
"04/23/2024","3.854","3.908","3.913","3.904","-0.03%"
"04/22/2024","3.855","3.905","3.910","3.901","-0.16%"
"04/19/2024","3.861","3.907","3.911","3.877","0.18%"
"04/18/2024","3.854","3.917","3.917","3.904","-0.10%"
"04/17/2024","3.858","3.912","3.912","3.908","-0.05%"
"04/16/2024","3.860","3.914","3.914","3.906","-0.13%"
"04/15/2024","3.865","3.907","3.915","3.903","0.16%"
"04/12/2024","3.859","3.968","3.968","3.909","-1.43%"
"04/11/2024","3.915","3.965","3.965","3.957","0.13%"
"04/10/2024","3.910","3.968","3.968","3.956","-0.13%"
"04/09/2024","3.915","3.965","3.965","3.957","-2.59%"
"04/08/2024","4.019","4.053","4.069","4.053","0.40%"
"04/05/2024","4.003","4.053","4.161","4.053","-2.58%"
"04/04/2024","4.109","4.037","4.159","4.027","3.19%"
"04/03/2024","3.982","4.032","4.032","4.027","-0.13%"
"04/02/2024","3.987","4.027","4.037","4.027","0.13%"
"03/28/2024","3.982","4.236","4.236","4.032","-4.61%"
"03/27/2024","4.174","4.036","4.225","4.013","4.97%"
"03/26/2024","3.977","4.027","4.027","4.023","-0.03%"
"03/25/2024","3.978","4.028","4.028","4.028","0.00%"
"03/22/2024","3.978","4.118","4.118","4.028","-2.31%"
"03/21/2024","4.072","4.028","4.122","4.015","2.47%"
"03/20/2024","3.974","4.024","4.028","4.020","0.00%"
"03/19/2024","3.974","4.024","4.044","4.020","0.00%"
"03/18/2024","3.974","4.024","4.061","4.012","0.00%"
"03/15/2024","3.974","4.140","4.140","4.024","-2.91%"
"03/14/2024","4.093","4.060","4.143","4.048","2.17%"
"03/13/2024","4.006","4.052","4.056","4.048","0.10%"
"03/12/2024","4.002","4.056","4.056","4.052","-0.10%"
"03/11/2024","4.006","4.052","4.056","4.052","0.10%"
"03/08/2024","4.002","4.130","4.130","4.044","0.60%"
"03/07/2024","3.978","4.034","4.034","4.028","0.00%"
"03/06/2024","3.978","4.028","4.033","4.011","0.03%"
"03/05/2024","3.977","4.038","4.043","4.027","-0.28%"
"03/04/2024","3.988","4.038","4.038","4.022","0.00%"
"03/01/2024","3.987","4.032","4.037","4.032","0.26%"
"02/29/2024","3.977","4.042","4.042","4.027","-0.38%"
"02/28/2024","3.992","4.042","4.042","4.037","0.00%"
"02/27/2024","3.992","4.042","4.042","4.032","-0.45%"
"02/26/2024","4.010","4.037","4.060","4.037","0.59%"
"02/23/2024","3.987","4.041","4.041","4.036","0.00%"
"02/22/2024","3.987","4.041","4.046","4.036","0.00%"
"02/21/2024","3.986","4.045","4.045","4.036","-1.97%"
"02/20/2024","4.066","4.080","4.116","4.080","0.99%"
"02/19/2024","4.026","4.076","4.080","4.076","-0.07%"
"02/16/2024","4.029","4.017","4.079","4.075","1.56%"
"02/15/2024","3.967","4.023","4.023","4.017","-0.15%"
"02/14/2024","3.973","4.023","4.023","4.023","-0.13%"
"02/13/2024","3.978","4.023","4.028","4.023","0.15%"
"02/12/2024","3.972","4.022","4.022","4.017","0.00%"
"02/09/2024","3.972","4.022","4.022","4.022","0.00%"
"02/08/2024","3.972","4.022","4.022","4.022","0.00%"
"02/07/2024","3.972","4.022","4.022","4.017","0.00%"
"02/06/2024","3.972","4.011","4.022","4.011","0.25%"
"02/05/2024","3.962","4.017","4.032","3.996","0.13%"
"02/02/2024","3.957","4.161","4.161","4.007","-3.70%"
"02/01/2024","4.109","3.997","4.159","3.987","4.21%"
"01/31/2024","3.943","3.993","3.993","3.988","0.00%"
"01/30/2024","3.943","3.993","3.998","3.993","-0.03%"
"01/29/2024","3.944","3.980","3.994","3.975","0.36%"
"01/26/2024","3.930","3.985","3.985","3.980","-0.38%"
"01/25/2024","3.945","3.976","3.995","3.976","0.43%"
"01/24/2024","3.928","3.965","3.992","3.965","0.31%"
"01/23/2024","3.916","3.961","3.966","3.961","-0.23%"
"01/22/2024","3.925","3.958","3.975","3.958","0.42%"
"01/19/2024","3.908","3.954","3.980","3.954","-0.24%"
"01/18/2024","3.918","3.968","3.968","3.964","0.05%"
"01/17/2024","3.916","3.954","3.966","3.954","0.38%"
"01/16/2024","3.901","3.955","3.955","3.951","-0.64%"
"01/15/2024","3.926","3.964","3.982","3.964","-0.03%"
"01/12/2024","3.927","3.971","3.977","3.948","0.13%"
"01/11/2024","3.922","3.972","3.972","3.972","0.10%"
"01/10/2024","3.918","3.968","3.974","3.968","-0.15%"
"01/09/2024","3.924","3.969","3.974","3.969","0.10%"
"01/08/2024","3.920","3.986","3.986","3.970","-0.41%"
"01/05/2024","3.936","3.945","3.986","3.945","0.25%"
"01/04/2024","3.926","3.971","3.976","3.966","0.20%"
"01/03/2024","3.918","4.037","4.222","3.968","3.13%"
"01/02/2024","3.799","3.984","4.037","3.849","-3.43%"
"12/29/2023","3.934","4.018","4.018","3.984","-0.73%"
"12/28/2023","3.963","3.994","4.375","3.990","0.09%"
"12/27/2023","3.960","4.041","4.054","4.010","-1.21%"
"12/22/2023","4.008","4.014","4.058","3.771","1.21%"
"12/21/2023","3.960","3.980","4.233","3.980","-0.03%"
"12/20/2023","3.961","3.723","4.057","3.723","-1.15%"
"12/19/2023","4.007","4.012","4.220","3.726","1.24%"
"12/18/2023","3.958","4.008","4.024","3.944","-0.10%"
"12/15/2023","3.962","4.032","4.032","4.012","-0.23%"
"12/14/2023","3.971","4.021","4.175","3.989","0.00%"
"12/13/2023","3.971","4.033","4.033","4.021","-0.03%"
"12/12/2023","3.972","4.022","4.022","4.022","0.00%"
"12/11/2023","3.972","4.017","4.022","4.001","0.00%"
"12/08/2023","3.972","4.022","4.022","4.022","0.00%"
"12/07/2023","3.972","4.063","4.063","4.022","-0.97%"
"12/06/2023","4.011","4.061","4.061","4.056","0.00%"
"12/05/2023","4.011","4.061","4.066","4.056","0.02%"
"12/04/2023","4.010","4.056","4.065","4.056","-0.12%"
"12/01/2023","4.015","4.065","4.065","4.055","0.02%"
"11/30/2023","4.014","4.060","4.064","4.060","0.02%"
"11/29/2023","4.013","4.081","4.081","4.063","-1.40%"
"11/28/2023","4.070","4.120","4.120","4.116","0.02%"
"11/27/2023","4.069","4.124","4.124","4.119","0.02%"
"11/24/2023","4.068","4.123","4.123","4.118","-0.10%"
"11/23/2023","4.072","4.117","4.122","4.117","0.07%"
"11/22/2023","4.069","4.115","4.119","4.115","0.02%"
"11/21/2023","4.068","4.118","4.118","4.118","-0.07%"
"11/20/2023","4.071","4.162","4.162","4.121","-1.05%"
"11/17/2023","4.114","4.116","4.164","4.100","1.09%"
"11/16/2023","4.069","4.120","4.120","4.116","-0.04%"
"11/15/2023","4.071","4.098","4.121","4.098","0.49%"
"11/14/2023","4.051","4.101","4.101","4.018","0.00%"
"11/13/2023","4.051","4.101","4.101","4.101","0.02%"
"11/10/2023","4.050","4.100","4.137","4.100","0.00%"
"11/09/2023","4.050","4.096","4.100","4.096","-1.00%"
"11/08/2023","4.091","4.138","4.141","4.138","1.51%"
"11/07/2023","4.030","4.080","4.080","4.080","0.00%"
"11/06/2023","4.030","4.090","4.090","4.080","-0.22%"
"11/03/2023","4.039","4.068","4.089","4.068","0.52%"
"11/02/2023","4.018","4.093","4.093","4.068","1.41%"
"11/01/2023","3.962","4.076","4.091","4.012","-1.57%"
"10/31/2023","4.025","4.037","4.075","4.037","0.95%"
"10/30/2023","3.987","4.032","4.037","4.027","0.25%"
"10/27/2023","3.977","3.971","4.027","3.971","1.53%"
"10/26/2023","3.917","3.971","3.976","3.967","-0.05%"
"10/25/2023","3.919","3.974","3.974","3.969","-0.03%"
"10/24/2023","3.920","3.974","3.974","3.970","-0.13%"
"10/23/2023","3.925","3.975","3.975","3.971","0.09%"
"10/20/2023","3.921","4.006","4.006","3.971","-0.87%"
"10/19/2023","3.956","3.972","4.019","3.972","0.92%"
"10/18/2023","3.920","3.929","3.983","3.929","0.28%"
"10/17/2023","3.909","3.930","3.959","3.930","0.50%"
"10/16/2023","3.889","3.964","3.968","3.940","-0.64%"
"10/13/2023","3.914","3.881","3.964","3.877","2.45%"
"10/12/2023","3.821","3.878","3.886","3.871","-0.13%"
"10/11/2023","3.826","3.880","3.880","3.876","-1.44%"
"10/10/2023","3.882","3.916","3.932","3.895","0.36%"
"10/09/2023","3.868","3.918","3.918","3.907","-0.03%"
"10/06/2023","3.869","3.919","3.929","3.909","-0.04%"
"10/05/2023","3.871","3.921","3.921","3.905","0.01%"
"10/04/2023","3.870","3.920","3.930","3.910","0.34%"
"10/03/2023","3.857","3.916","3.931","3.907","-0.28%"
"10/02/2023","3.868","3.918","3.932","3.918","-0.03%"
"09/29/2023","3.869","3.919","3.919","3.849","-0.04%"
"09/28/2023","3.871","3.921","3.944","3.921","0.01%"
"09/27/2023","3.870","3.924","3.929","3.916","-0.03%"
"09/26/2023","3.871","3.917","3.921","3.899","0.08%"
"09/25/2023","3.868","3.918","3.931","3.914","-0.39%"
"09/22/2023","3.883","3.920","3.933","3.889","0.31%"
"09/21/2023","3.871","3.921","3.951","3.908","0.44%"
"09/20/2023","3.854","3.859","3.921","3.855","0.81%"
"09/19/2023","3.823","3.832","3.873","3.828","0.68%"
"09/18/2023","3.797","3.770","3.847","3.367","3.89%"
"09/15/2023","3.655","3.709","3.729","3.705","-0.11%"
"09/14/2023","3.659","3.713","3.721","3.689","-0.05%"
"09/13/2023","3.661","3.711","3.746","3.704","0.22%"
"09/12/2023","3.653","3.711","3.715","3.703","-0.11%"
"09/11/2023","3.657","3.711","3.722","3.707","-0.30%"
"09/08/2023","3.668","3.710","3.718","3.699","0.22%"
"09/07/2023","3.660","3.710","3.728","3.710","0.03%"
"09/06/2023","3.659","3.709","3.734","3.705","-4.26%"
"09/04/2023","3.822","3.878","3.888","3.872","-0.08%"
"09/01/2023","3.825","3.870","3.875","3.864","0.07%"
"08/31/2023","3.822","3.857","3.888","3.820","-0.07%"
"08/30/2023","3.825","3.870","3.895","3.860","0.05%"
"08/29/2023","3.823","3.898","3.898","3.873","-0.70%"
"08/28/2023","3.850","3.900","3.920","3.890","0.06%"
"08/25/2023","3.848","3.898","3.907","3.893","-0.19%"
"08/24/2023","3.855","3.842","3.905","3.838","1.05%"
"08/23/2023","3.815","3.754","3.865","3.722","2.75%"
"08/22/2023","3.713","3.754","3.763","3.754","0.27%"
"08/21/2023","3.703","3.766","3.776","3.753","-0.22%"
"08/18/2023","3.711","3.779","3.779","3.761","-0.58%"
"08/17/2023","3.733","3.769","3.783","3.769","0.20%"
"08/16/2023","3.725","3.763","3.775","3.763","-0.11%"
"08/15/2023","3.729","3.750","3.779","3.750","0.81%"
"08/14/2023","3.699","3.745","3.749","3.741","0.35%"
"08/11/2023","3.686","3.740","3.744","3.736","0.30%"
"08/10/2023","3.675","3.730","3.741","3.725","0.11%"
"08/09/2023","3.671","3.764","3.775","3.721","-1.13%"
"08/08/2023","3.713","3.747","3.768","3.736","0.19%"
"08/07/2023","3.706","3.766","3.777","3.756","-0.24%"
"08/04/2023","3.715","3.765","3.801","3.760","0.05%"
"08/03/2023","3.713","3.763","3.783","3.763","-0.03%"
"08/02/2023","3.714","3.705","3.764","3.700","1.63%"
"08/01/2023","3.655","3.704","3.709","3.690","0.29%"
"07/31/2023","3.644","3.704","3.732","3.694","-0.25%"
"07/28/2023","3.653","3.703","3.713","3.675","0.00%"
"07/27/2023","3.653","3.707","3.717","3.680","-0.08%"
"07/26/2023","3.656","3.701","3.715","3.701","0.14%"
"07/25/2023","3.651","3.705","3.727","3.701","-0.11%"
"07/24/2023","3.655","3.705","3.705","3.674","0.03%"
"07/21/2023","3.654","3.704","3.713","3.704","0.83%"
"07/20/2023","3.624","3.674","3.691","3.674","-0.11%"
"07/19/2023","3.628","3.702","3.702","3.661","-0.66%"
"07/18/2023","3.652","3.726","3.726","3.682","-0.65%"
"07/17/2023","3.676","3.726","3.734","3.718","0.03%"
"07/14/2023","3.675","3.685","3.737","3.685","1.10%"
"07/13/2023","3.635","3.799","3.799","3.685","-3.04%"
"07/12/2023","3.749","3.811","3.826","3.799","-0.37%"
"07/11/2023","3.763","3.775","3.813","3.772","0.94%"
"07/10/2023","3.728","3.726","3.778","3.726","1.55%"
"07/07/2023","3.671","3.740","3.740","3.721","0.66%"
"07/06/2023","3.647","3.677","3.712","3.677","0.30%"
"07/05/2023","3.636","3.647","3.686","3.622","1.51%"
"07/04/2023","3.582","3.647","3.671","3.632","-0.94%"
"07/03/2023","3.616","3.647","3.666","3.633","0.53%"
"06/30/2023","3.597","3.647","3.647","3.628","-0.53%"
"06/29/2023","3.616","3.684","3.694","3.624","-0.47%"
"06/28/2023","3.633","3.625","3.683","3.625","1.59%"
"06/27/2023","3.576","3.586","3.626","3.582","1.10%"
"06/26/2023","3.537","3.583","3.587","3.561","0.10%"
"06/22/2023","3.533","3.549","3.618","3.549","0.96%"
"06/21/2023","3.500","3.550","3.584","3.550","-0.03%"
"06/20/2023","3.501","3.547","3.555","3.539","0.07%"
"06/19/2023","3.499","3.553","3.561","3.190","0.07%"
"06/16/2023","3.496","3.534","3.562","3.534","0.88%"
"06/15/2023","3.466","3.535","3.610","3.516","0.71%"
"06/14/2023","3.441","3.467","3.515","3.467","0.61%"
"06/13/2023","3.420","3.470","3.481","3.464","0.44%"
"06/12/2023","3.405","3.467","3.472","3.455","0.09%"
"06/09/2023","3.402","3.469","3.481","3.452","-0.58%"
"06/08/2023","3.422","3.478","3.500","3.467","-0.23%"
"06/07/2023","3.430","3.480","3.496","3.469","-0.06%"
"06/05/2023","3.432","3.477","3.503","3.477","0.09%"
"06/02/2023","3.429","3.500","3.521","3.479","-0.58%"
"06/01/2023","3.449","3.530","3.540","3.474","-0.75%"
"05/31/2023","3.475","3.525","3.539","3.471","-0.06%"
"05/30/2023","3.477","3.522","3.527","3.503","0.10%"
"05/29/2023","3.474","3.523","3.538","3.519","-0.04%"
"05/26/2023","3.475","3.558","3.558","3.520","0.09%"
"05/25/2023","3.472","3.527","3.550","3.522","-0.14%"
"05/24/2023","3.477","3.523","3.549","3.523","0.09%"
"05/23/2023","3.474","3.524","3.560","3.520","-0.06%"
"05/22/2023","3.476","3.517","3.535","3.491","0.20%"
"05/19/2023","3.469","3.497","3.549","3.497","0.58%"
"05/17/2023","3.449","3.499","3.516","3.499","-0.63%"
"05/16/2023","3.471","3.451","3.521","3.435","2.03%"
"05/15/2023","3.402","3.452","3.460","3.436","0.06%"
"05/12/2023","3.400","3.450","3.474","3.450","0.74%"
"05/11/2023","3.375","3.453","3.468","3.425","-0.82%"
"05/10/2023","3.403","3.502","3.523","3.442","-1.48%"
"05/09/2023","3.454","3.504","3.526","3.504","-0.09%"
"05/08/2023","3.457","3.502","3.523","3.502","0.09%"
"05/05/2023","3.454","3.504","3.515","3.499","0.82%"
"05/04/2023","3.426","3.502","3.507","3.476","-1.10%"
"05/03/2023","3.464","3.499","3.514","3.479","0.49%"
"05/02/2023","3.447","3.502","3.551","3.497","-0.07%"
"04/28/2023","3.450","3.500","3.509","3.461","0.07%"
"04/27/2023","3.447","3.468","3.497","3.468","0.92%"
"04/26/2023","3.415","3.498","3.498","3.351","-1.00%"
"04/25/2023","3.450","3.500","3.518","3.482","0.06%"
"04/24/2023","3.448","3.502","3.516","3.484","0.06%"
"04/21/2023","3.446","3.505","3.522","3.496","-0.32%"
"04/20/2023","3.457","3.502","3.507","3.481","0.55%"
"04/19/2023","3.438","3.505","3.577","3.488","-0.55%"
"04/18/2023","3.457","3.478","3.507","3.478","0.42%"
"04/17/2023","3.443","3.422","3.493","3.422","1.74%"
"04/14/2023","3.384","3.401","3.434","3.364","1.00%"
"04/13/2023","3.350","3.364","3.400","3.348","4.04%"
"04/12/2023","3.220","3.298","3.336","3.248","-0.86%"
"04/11/2023","3.248","3.298","3.385","3.298","0.00%"
"04/06/2023","3.248","3.298","3.330","3.298","-0.02%"
"04/05/2023","3.249","3.277","3.309","3.220","0.73%"
"04/04/2023","3.225","3.295","3.314","3.275","-0.62%"
"04/03/2023","3.245","3.300","3.324","3.276","1.18%"
"03/31/2023","3.207","3.281","3.319","3.257","-2.61%"
"03/30/2023","3.293","3.281","3.343","3.239","1.86%"
"03/29/2023","3.233","3.278","3.292","3.255","0.40%"
"03/28/2023","3.220","3.279","3.297","3.270","-0.28%"
"03/27/2023","3.229","3.279","3.346","3.279","-0.03%"
"03/24/2023","3.230","3.280","3.310","3.143","0.00%"
"03/23/2023","3.230","3.271","3.280","3.219","0.22%"
"03/22/2023","3.223","3.248","3.323","3.248","0.78%"
"03/21/2023","3.198","3.215","3.269","3.203","1.01%"
"03/20/2023","3.166","3.204","3.224","3.089","-0.03%"
"03/17/2023","3.167","3.221","3.319","3.156","-0.03%"
"03/16/2023","3.168","3.255","3.356","3.194","2.52%"
"03/15/2023","3.090","3.253","3.472","3.116","-3.92%"
"03/14/2023","3.216","3.254","3.290","3.134","0.72%"
"03/13/2023","3.193","3.273","3.273","2.876","-0.95%"
"03/10/2023","3.224","3.262","3.291","3.157","0.33%"
"03/09/2023","3.213","3.263","3.309","3.257","-0.56%"
"03/08/2023","3.231","3.265","3.309","3.259","0.65%"
"03/07/2023","3.210","3.238","3.282","3.238","0.47%"
"03/06/2023","3.195","3.240","3.272","3.234","0.13%"
"03/03/2023","3.191","3.198","3.241","3.183","1.46%"
"03/02/2023","3.145","3.174","3.205","3.174","0.00%"
"03/01/2023","3.145","3.190","3.200","3.190","-0.03%"
"02/28/2023","3.146","3.186","3.196","3.162","0.10%"
"02/27/2023","3.143","3.188","3.193","3.183","-0.05%"
"02/24/2023","3.145","3.190","3.194","3.180","-0.05%"
"02/23/2023","3.146","3.177","3.196","3.158","0.00%"
"02/22/2023","3.146","3.187","3.214","3.187","1.85%"
"02/21/2023","3.089","3.130","3.143","3.130","0.10%"
"02/20/2023","3.086","3.132","3.163","3.132","-0.10%"
"02/17/2023","3.089","3.130","3.139","3.117","0.10%"
"02/16/2023","3.086","3.123","3.136","3.123","-0.06%"
"02/15/2023","3.088","3.134","3.142","3.134","0.06%"
"02/14/2023","3.086","3.136","3.136","3.107","-0.06%"
"02/13/2023","3.088","3.072","3.138","3.072","2.08%"
"02/10/2023","3.025","2.921","3.201","3.071","0.03%"
"02/09/2023","3.024","2.921","3.074","2.921","10.69%"
"02/08/2023","2.732","2.777","2.799","2.777","0.11%"
"02/07/2023","2.729","2.776","2.784","2.779","-0.07%"
"02/06/2023","2.731","2.776","2.781","2.776","0.11%"
"02/03/2023","2.728","2.778","2.783","2.778","-0.09%"
"02/02/2023","2.730","2.770","2.780","2.770","-0.05%"
"02/01/2023","2.732","2.777","2.782","2.777","0.29%"
"01/31/2023","2.724","2.779","2.779","2.774","-0.26%"
"01/30/2023","2.731","2.776","2.805","2.776","0.11%"
"01/27/2023","2.728","2.778","2.802","2.750","-0.26%"
"01/26/2023","2.735","2.771","2.785","2.757","0.29%"
"01/25/2023","2.727","2.727","2.777","2.677","1.94%"
"01/24/2023","2.675","2.725","2.725","2.716","0.07%"
"01/23/2023","2.673","2.728","2.732","2.719","0.04%"
"01/20/2023","2.672","2.726","2.757","2.717","-0.07%"
"01/19/2023","2.674","2.724","2.763","2.724","0.83%"
"01/18/2023","2.652","2.731","2.757","2.702","-1.04%"
"01/17/2023","2.680","2.730","2.738","2.651","0.07%"
"01/16/2023","2.678","2.802","2.851","2.707","-2.72%"
"01/13/2023","2.753","2.738","2.840","2.738","6.54%"
"01/12/2023","2.584","2.525","2.634","2.513","3.57%"
"01/11/2023","2.495","2.539","2.558","2.539","-0.04%"
"01/10/2023","2.496","2.540","2.546","2.540","0.00%"
"01/09/2023","2.496","2.516","2.564","2.516","0.93%"
"01/05/2023","2.473","2.645","2.656","2.523","-4.85%"
"01/04/2023","2.599","2.490","2.649","2.490","5.65%"
"01/03/2023","2.460","2.065","2.510","2.065","21.66%"
"01/02/2023","2.022","2.083","2.088","2.072","-0.83%"
"12/30/2022","2.039","2.121","2.147","2.089","-1.83%"
"12/29/2022","2.077","2.060","2.127","2.060","2.57%"
"12/28/2022","2.025","2.065","2.075","2.065","0.15%"
"12/27/2022","2.022","2.057","2.072","2.057","0.40%"
"12/23/2022","2.014","2.136","2.179","2.064","-3.68%"
"12/22/2022","2.091","2.047","2.141","2.047","3.87%"
"12/21/2022","2.013","2.054","2.063","2.054","0.15%"
"12/20/2022","2.010","2.056","2.087","2.056","-0.10%"
"12/19/2022","2.012","2.053","2.066","2.053","0.15%"
"12/16/2022","2.009","2.102","2.115","2.059","-2.38%"
"12/15/2022","2.058","2.009","2.108","2.004","4.31%"
"12/14/2022","1.973","2.015","2.036","2.015","0.10%"
"12/13/2022","1.971","2.021","2.050","2.021","-0.10%"
"12/12/2022","1.973","2.019","2.027","2.007","0.10%"
"12/09/2022","1.971","2.065","2.073","2.005","-2.62%"
"12/08/2022","2.024","2.019","2.074","2.003","10.66%"
"12/07/2022","1.829","1.868","1.879","1.852","0.63%"
"12/06/2022","1.817","1.867","1.883","1.852","0.00%"
"12/05/2022","1.817","1.840","1.877","1.840","1.51%"
"12/02/2022","1.790","1.892","1.897","1.840","-2.77%"
"12/01/2022","1.841","1.845","1.891","1.814","2.91%"
"11/30/2022","1.789","1.839","1.879","1.834","0.00%"
"11/29/2022","1.789","1.834","1.859","1.776","0.28%"
"11/28/2022","1.784","1.834","1.858","1.829","0.00%"
"11/25/2022","1.784","1.801","1.853","1.801","1.88%"
"11/24/2022","1.751","1.750","1.811","1.713","2.82%"
"11/23/2022","1.703","1.735","1.771","1.735","1.25%"
"11/22/2022","1.682","1.732","1.758","1.732","-0.06%"
"11/21/2022","1.683","1.680","1.737","1.680","3.13%"
"11/18/2022","1.632","1.721","1.760","1.656","-2.16%"
"11/17/2022","1.668","1.683","1.743","1.658","2.33%"
"11/16/2022","1.630","1.676","1.696","1.659","0.18%"
"11/15/2022","1.627","1.677","1.718","1.661","-0.12%"
"11/14/2022","1.629","1.671","1.679","1.639","0.62%"
"11/11/2022","1.619","1.712","1.768","1.669","11.89%"
"11/10/2022","1.447","1.559","1.565","1.497","-4.17%"
"11/09/2022","1.510","1.566","1.571","1.555","-0.26%"
"11/08/2022","1.514","1.575","1.596","1.564","0.13%"
"11/07/2022","1.512","1.562","1.573","1.541","0.07%"
"11/04/2022","1.511","1.566","1.582","1.540","0.13%"
"11/03/2022","1.509","1.564","1.621","1.559","-0.40%"
"11/02/2022","1.515","1.565","1.575","1.560","-1.17%"
"11/01/2022","1.533","1.573","1.583","1.535","1.39%"
"10/31/2022","1.512","1.553","1.586","1.553","0.40%"
"10/28/2022","1.506","1.561","1.645","1.551","-0.20%"
"10/27/2022","1.509","1.559","1.629","1.444","-0.07%"
"10/26/2022","1.510","1.565","1.574","1.551","-0.20%"
"10/25/2022","1.513","1.563","1.563","1.541","0.33%"
"10/24/2022","1.508","1.562","1.588","1.527","2.45%"
"10/21/2022","1.472","1.613","1.651","1.522","-5.46%"
"10/20/2022","1.557","1.559","1.632","1.559","3.66%"
"10/19/2022","1.502","1.568","1.601","1.552","0.87%"
"10/18/2022","1.489","1.559","1.588","1.539","-1.52%"
"10/17/2022","1.512","1.558","1.574","1.534","-1.75%"
"10/14/2022","1.539","1.557","1.589","1.517","-8.17%"
"10/13/2022","1.676","1.611","1.749","1.575","3.91%"
"10/12/2022","1.613","1.587","1.663","1.571","0.56%"
"10/11/2022","1.604","1.676","1.708","1.638","-2.08%"
"10/10/2022","1.638","1.657","1.688","1.651","1.49%"
"10/07/2022","1.614","1.649","1.680","1.649","0.50%"
"10/06/2022","1.606","1.621","1.656","1.621","2.36%"
"10/05/2022","1.569","1.629","1.653","1.594","-2.00%"
"10/04/2022","1.601","1.496","1.651","1.419","2.96%"
"10/03/2022","1.555","1.643","1.662","1.605","-5.36%"
"09/30/2022","1.643","1.679","1.730","1.547","4.65%"
"09/29/2022","1.570","1.657","1.713","1.620","-0.44%"
"09/28/2022","1.577","1.627","1.672","1.569","-0.19%"
"09/27/2022","1.580","1.630","1.638","1.607","0.70%"
"09/26/2022","1.569","1.628","1.671","1.619","-0.41%"
"09/23/2022","1.576","1.569","1.651","1.565","8.06%"
"09/22/2022","1.458","1.491","1.551","1.487","-5.02%"
"09/21/2022","1.535","1.560","1.585","1.474","5.14%"
"09/20/2022","1.460","1.461","1.547","1.449","4.36%"
"09/19/2022","1.399","1.433","1.469","1.425","-0.85%"
"09/16/2022","1.411","1.429","1.465","1.429","2.32%"
"09/15/2022","1.379","1.457","1.504","1.429","-2.54%"
"09/14/2022","1.415","1.449","1.518","1.442","-2.08%"
"09/13/2022","1.445","1.397","1.495","1.397","16.63%"
"09/12/2022","1.239","1.397","1.449","1.289","-7.33%"
"09/09/2022","1.337","1.390","1.446","1.387","-10.42%"
"09/08/2022","1.492","1.469","1.565","1.464","5.18%"
"09/07/2022","1.419","1.506","1.528","1.469","-2.51%"
"09/06/2022","1.456","1.495","1.527","1.468","0.80%"
"09/05/2022","1.444","1.390","1.494","1.390","7.68%"
"09/02/2022","1.341","1.422","1.447","1.391","-1.90%"
"09/01/2022","1.367","1.427","1.458","1.417","-1.51%"
"08/31/2022","1.388","1.438","1.438","1.413","1.02%"
"08/30/2022","1.374","1.429","1.462","1.395","-0.72%"
"08/29/2022","1.384","1.286","1.434","1.286","10.90%"
"08/26/2022","1.248","1.256","1.307","1.256","3.74%"
"08/25/2022","1.203","1.258","1.272","1.253","-0.99%"
"08/24/2022","1.215","1.194","1.265","1.194","5.10%"
"08/23/2022","1.156","1.180","1.228","1.180","2.03%"
"08/22/2022","1.133","1.157","1.183","1.139","2.07%"
"08/19/2022","1.110","1.079","1.160","1.079","7.87%"
"08/18/2022","1.029","1.087","1.134","1.079","-1.15%"
"08/17/2022","1.041","1.013","1.091","1.013","9.35%"
"08/16/2022","0.952","1.014","1.035","1.002","-1.75%"
"08/15/2022","0.969","1.047","1.071","0.995","-0.92%"
"08/12/2022","0.978","1.159","1.159","1.028","-9.86%"
"08/11/2022","1.085","1.166","1.205","1.135","-0.18%"
"08/10/2022","1.087","1.171","1.198","1.137","6.46%"
"08/09/2022","1.021","1.061","1.092","1.061","1.49%"
"08/08/2022","1.006","1.082","1.082","1.056","-2.52%"
"08/05/2022","1.032","1.005","1.082","1.005","9.67%"
"08/04/2022","0.941","0.890","1.011","0.890","14.34%"
"08/03/2022","0.823","0.898","0.951","0.873","-7.37%"
"08/02/2022","0.888","0.881","0.938","0.819","9.02%"
"08/01/2022","0.815","0.922","0.950","0.865","-5.23%"
"07/29/2022","0.860","0.914","0.956","0.910","12.42%"
"07/28/2022","0.765","0.884","0.935","0.815","-8.16%"
"07/27/2022","0.833","0.905","0.927","0.865","-2.34%"
"07/26/2022","0.853","0.881","0.903","0.793","1.31%"
"07/25/2022","0.842","0.875","0.896","0.840","5.05%"
"07/22/2022","0.802","0.899","0.903","0.762","-6.26%"
"07/21/2022","0.855","0.859","0.956","0.859","4.78%"
"07/20/2022","0.816","0.854","0.907","0.846","-0.37%"
"07/19/2022","0.819","0.812","0.897","0.792","7.62%"
"07/18/2022","0.761","1.055","1.180","0.811","-24.35%"
"07/15/2022","1.006","1.000","1.056","0.933","5.78%"
"07/14/2022","0.951","0.782","1.001","0.782","30.27%"
"07/13/2022","0.730","0.674","0.780","0.674","18.70%"
"07/12/2022","0.615","0.644","0.665","0.602","3.36%"
"07/11/2022","0.595","0.640","0.666","0.635","-3.57%"
"07/08/2022","0.617","0.626","0.667","0.621","9.79%"
"07/07/2022","0.562","0.642","0.703","0.612","5.44%"
"07/06/2022","0.533","0.602","0.641","0.554","3.29%"
"07/05/2022","0.516","0.599","0.618","0.551","-11.64%"
"07/04/2022","0.584","0.591","0.695","0.591","39.71%"
"07/01/2022","0.418","0.644","0.644","0.468","-28.67%"
"06/30/2022","0.586","0.604","0.636","0.498","5.78%"
"06/29/2022","0.554","0.626","0.652","0.573","-3.99%"
"06/28/2022","0.577","0.627","0.701","0.618","-0.17%"
"06/27/2022","0.578","0.637","0.667","0.624","-1.70%"
"06/23/2022","0.588","0.625","0.638","0.544","2.26%"
"06/22/2022","0.575","0.618","0.635","0.576","1.23%"
"06/21/2022","0.568","0.582","0.618","0.582","6.37%"
"06/20/2022","0.534","0.580","0.588","0.556","-4.47%"
"06/17/2022","0.559","0.573","0.609","0.522","7.29%"
"06/16/2022","0.521","0.528","0.684","0.528","7.64%"
"06/15/2022","0.484","0.508","0.617","0.489","6.14%"
"06/14/2022","0.456","0.484","0.607","0.484","5.31%"
"06/13/2022","0.433","0.512","0.594","0.475","-6.68%"
"06/10/2022","0.464","0.463","0.514","0.449","-1.28%"
"06/09/2022","0.470","0.404","0.520","0.401","31.84%"
"06/08/2022","0.356","0.292","0.407","0.378","46.71%"
"06/07/2022","0.243","0.287","0.329","0.287","1.67%"
"06/03/2022","0.239","0.283","0.330","0.283","2.14%"
"06/02/2022","0.234","0.279","0.315","0.279","2.18%"
"06/01/2022","0.229","0.255","0.279","0.250","11.17%"
"05/31/2022","0.206","0.285","0.294","0.256","-12.71%"
"05/30/2022","0.236","0.281","0.314","0.281","1.72%"
"05/27/2022","0.232","0.277","0.282","0.268","1.75%"
"05/25/2022","0.228","0.292","0.306","0.274","-6.94%"
"05/24/2022","0.245","0.286","0.312","0.286","2.94%"
"05/23/2022","0.238","0.266","0.344","0.258","13.88%"
"05/20/2022","0.209","0.255","0.267","0.250","1.46%"
"05/19/2022","0.206","0.348","0.352","0.247","-31.10%"
"05/18/2022","0.299","0.312","0.349","0.312","13.69%"
"05/17/2022","0.263","0.280","0.313","0.280","-12.04%"
"05/16/2022","0.299","0.349","0.378","0.343","-5.38%"
"05/13/2022","0.316","0.350","0.366","0.344","3.61%"
"05/12/2022","0.305","0.394","0.400","0.338","-13.60%"
"05/11/2022","0.353","0.350","0.403","0.345","17.67%"
"05/10/2022","0.300","0.350","0.366","0.303","5.26%"
"05/09/2022","0.285","0.309","0.356","0.309","9.62%"
"05/06/2022","0.260","0.305","0.356","0.305","-0.38%"
"05/05/2022","0.261","0.311","0.311","0.260","-0.76%"
"05/04/2022","0.263","0.308","0.399","0.308","1.94%"
"05/03/2022","0.258","0.308","0.389","0.308","-0.39%"
"05/02/2022","0.259","0.314","0.356","0.309","-0.38%"
"04/29/2022","0.260","0.282","0.379","0.282","11.59%"
"04/28/2022","0.233","0.000","0.324","0.000","-668.29%"
"04/27/2022","-0.041","-0.061","0.009","-0.061","-63.06%"
"04/26/2022","-0.111","-0.069","-0.056","-0.069","-6.33%"
"04/25/2022","-0.119","-0.081","-0.064","-0.098","-14.75%"
"04/22/2022","-0.139","-0.110","-0.080","-0.110","-12.58%"
"04/21/2022","-0.159","-0.105","-0.067","-0.125","2.58%"
"04/20/2022","-0.155","-0.105","-0.101","-0.113","0.65%"
"04/19/2022","-0.154","-0.116","-0.088","-0.128","-6.67%"
"04/14/2022","-0.165","-0.158","-0.115","-0.158","-37.62%"
"04/13/2022","-0.264","-0.196","-0.164","-0.214","-6.21%"
"04/12/2022","-0.282","-0.197","-0.168","-0.232","12.80%"
"04/11/2022","-0.250","-0.200","-0.160","-0.200","3.73%"
"04/08/2022","-0.241","-0.202","-0.169","-0.208","-5.49%"
"04/07/2022","-0.255","-0.199","-0.161","-0.221","1.59%"
"04/06/2022","-0.251","-0.196","-0.153","-0.201","1.21%"
"04/05/2022","-0.248","-0.188","-0.162","-0.198","1.22%"
"04/04/2022","-0.245","-0.190","-0.185","-0.211","3.38%"
"04/01/2022","-0.237","-0.198","-0.187","-0.208","-5.20%"
"03/31/2022","-0.250","-0.200","-0.200","-0.250","-0.40%"
"03/30/2022","-0.251","-0.240","-0.201","-0.259","-17.70%"
"03/29/2022","-0.305","-0.251","-0.189","-0.274","0.99%"
"03/28/2022","-0.302","-0.247","-0.206","-0.271","1.00%"
"03/25/2022","-0.299","-0.244","-0.230","-0.249","1.01%"
"03/24/2022","-0.296","-0.250","-0.205","-0.250","-1.33%"
"03/23/2022","-0.300","-0.254","-0.224","-0.272","-1.80%"
"03/22/2022","-0.306","-0.247","-0.204","-0.255","2.52%"
"03/21/2022","-0.298","-0.248","-0.231","-0.248","3.83%"
"03/18/2022","-0.287","-0.250","-0.237","-0.266","-5.90%"
"03/17/2022","-0.305","-0.251","-0.217","-0.255","-1.29%"
"03/16/2022","-0.309","-0.250","-0.218","-0.259","2.32%"
"03/15/2022","-0.302","-0.248","-0.244","-0.256","-0.33%"
"03/14/2022","-0.303","-0.142","-0.087","-0.253","50.00%"
"03/11/2022","-0.202","-0.152","-0.140","-0.152","17.44%"
"03/10/2022","-0.172","-0.260","-0.122","-0.260","-44.34%"
"03/09/2022","-0.309","-0.153","-0.132","-0.264","53.73%"
"03/08/2022","-0.201","-0.245","-0.135","-0.245","-33.44%"
"03/07/2022","-0.302","-0.221","-0.206","-0.252","8.63%"
"03/04/2022","-0.278","-0.218","-0.203","-0.233","2.96%"
"03/03/2022","-0.270","-0.220","-0.195","-0.220","0.00%"
"03/02/2022","-0.271","-0.163","-0.158","-0.221","34.58%"
"03/01/2022","-0.201","-0.151","-0.147","-0.199","0.75%"
"02/28/2022","-0.199","-0.163","-0.149","-0.177","-5.45%"
"02/25/2022","-0.211","-0.152","-0.143","-0.161","5.50%"
"02/24/2022","-0.200","-0.150","-0.150","-0.177","0.50%"
"02/23/2022","-0.199","-0.171","-0.149","-0.171","-9.13%"
"02/22/2022","-0.219","-0.152","-0.134","-0.169","9.50%"
"02/21/2022","-0.200","-0.154","-0.137","-0.154","1.01%"
"02/18/2022","-0.198","-0.152","-0.123","-0.152","-1.49%"
"02/17/2022","-0.201","-0.171","-0.142","-0.171","-8.64%"
"02/16/2022","-0.220","-0.154","-0.149","-0.178","6.80%"
"02/15/2022","-0.206","-0.144","-0.140","-0.156","17.05%"
"02/14/2022","-0.176","-0.131","-0.120","-0.137","-1.68%"
"02/11/2022","-0.179","-0.140","-0.124","-0.140","-4.79%"
"02/10/2022","-0.188","-0.133","-0.133","-0.194","3.30%"
"02/09/2022","-0.182","-0.132","-0.132","-0.143","1.11%"
"02/08/2022","-0.180","-0.135","-0.130","-0.146","-2.17%"
"02/07/2022","-0.184","-0.134","-0.118","-0.134","1.10%"
"02/04/2022","-0.182","-0.132","-0.091","-0.132","1.11%"
"02/03/2022","-0.180","-0.135","-0.090","-0.135","-2.17%"
"02/02/2022","-0.184","-0.130","-0.115","-0.134","0.82%"
"02/01/2022","-0.183","-0.151","-0.128","-0.151","-8.52%"
"01/31/2022","-0.199","-0.149","-0.135","-0.149","0.76%"
"01/28/2022","-0.198","-0.148","-0.143","-0.148","1.02%"
"01/27/2022","-0.196","-0.141","-0.132","-0.146","3.16%"
"01/26/2022","-0.190","-0.140","-0.140","-0.145","-1.55%"
"01/25/2022","-0.193","-0.150","-0.134","-0.143","1.05%"
"01/24/2022","-0.191","-0.150","-0.141","-0.150","-3.54%"
"01/21/2022","-0.198","-0.148","-0.144","-0.157","1.02%"
"01/20/2022","-0.196","-0.142","-0.138","-0.146","2.62%"
"01/19/2022","-0.191","-0.141","-0.133","-0.146","0.00%"
"01/18/2022","-0.191","-0.141","-0.141","-0.146","-14.35%"
"01/17/2022","-0.223","-0.173","-0.173","-0.180","-1.76%"
"01/14/2022","-0.227","-0.177","-0.177","-0.189","1.34%"
"01/13/2022","-0.224","-0.180","-0.174","-0.180","-1.32%"
"01/12/2022","-0.227","-0.177","-0.171","-0.189","1.34%"
"01/11/2022","-0.224","-0.180","-0.168","-0.180","-1.32%"
"01/10/2022","-0.227","-0.177","-0.166","-0.177","1.34%"
"01/07/2022","-0.224","-0.180","-0.174","-0.180","-1.32%"
"01/05/2022","-0.227","-0.177","-0.166","-0.177","0.89%"
"01/04/2022","-0.225","-0.175","-0.169","-0.180","0.00%"
"01/03/2022","-0.225","-0.380","-0.175","-0.380","-47.55%"
"12/30/2021","-0.429","-0.374","-0.374","-0.379","1.18%"
"12/29/2021","-0.424","-0.379","-0.359","-0.379","-0.93%"
"12/28/2021","-0.428","-0.378","-0.378","-0.378","0.00%"
"12/27/2021","-0.428","-0.378","-0.378","-0.378","0.00%"
"12/23/2021","-0.428","-0.378","-0.378","-0.378","0.23%"
"12/22/2021","-0.427","-0.382","-0.373","-0.382","-0.93%"
"12/21/2021","-0.431","-0.381","-0.381","-0.381","0.00%"
"12/20/2021","-0.431","-0.380","-0.380","-0.385","0.00%"
"12/17/2021","-0.430","-0.380","-0.376","-0.384","0.94%"
"12/16/2021","-0.426","-0.380","-0.376","-0.380","-0.70%"
"12/15/2021","-0.429","-0.379","-0.379","-0.383","0.00%"
"12/14/2021","-0.429","-0.379","-0.371","-0.383","0.00%"
"12/13/2021","-0.429","-0.379","-0.379","-0.379","0.00%"
"12/10/2021","-0.429","-0.379","-0.375","-0.383","0.00%"
"12/09/2021","-0.429","-0.379","-0.379","-0.379","0.23%"
"12/08/2021","-0.428","-0.378","-0.374","-0.382","0.00%"
"12/07/2021","-0.428","-0.411","-0.378","-0.381","-6.96%"
"12/06/2021","-0.460","-0.410","-0.410","-0.410","0.00%"
"12/03/2021","-0.460","-0.410","-0.405","-0.410","0.22%"
"12/02/2021","-0.459","-0.419","-0.409","-0.419","-1.61%"
"12/01/2021","-0.467","-0.331","-0.321","-0.417","22.44%"
"11/30/2021","-0.381","-0.421","-0.331","-0.425","-18.94%"
"11/29/2021","-0.470","-0.406","-0.406","-0.424","3.30%"
"11/26/2021","-0.455","-0.410","-0.405","-0.419","-0.87%"
"11/25/2021","-0.459","-0.414","-0.409","-0.432","-0.65%"
"11/24/2021","-0.462","-0.272","-0.267","-0.412","43.03%"
"11/23/2021","-0.323","-0.411","-0.273","-0.411","-29.78%"
"11/22/2021","-0.460","-0.299","-0.274","-0.410","0.88%"
"11/19/2021","-0.456","-0.275","-0.250","-0.406","39.88%"
"11/18/2021","-0.326","-0.276","-0.276","-0.284","0.31%"
"11/17/2021","-0.325","-0.275","-0.271","-0.275","0.00%"
"11/16/2021","-0.325","-0.275","-0.271","-0.280","-20.54%"
"11/15/2021","-0.409","-0.359","-0.348","-0.365","0.00%"
"11/12/2021","-0.409","-0.359","-0.348","-0.382","0.00%"
"11/11/2021","-0.409","-0.359","-0.343","-0.359","0.00%"
"11/10/2021","-0.409","-0.328","-0.322","-0.359","8.20%"
"11/09/2021","-0.378","-0.328","-0.323","-0.328","-0.13%"
"11/08/2021","-0.379","-0.329","-0.329","-0.334","0.00%"
"11/05/2021","-0.379","-0.329","-0.329","-0.334","0.00%"
"11/04/2021","-0.379","-0.329","-0.329","-0.344","-0.52%"
"11/03/2021","-0.381","-0.331","-0.326","-0.345","0.00%"
"11/02/2021","-0.381","-0.331","-0.331","-0.350","0.00%"
"11/01/2021","-0.381","-0.331","-0.327","-0.331","-0.26%"
"10/29/2021","-0.382","-0.322","-0.309","-0.332","2.41%"
"10/28/2021","-0.373","-0.327","-0.273","-0.332","-1.58%"
"10/27/2021","-0.379","-0.197","-0.189","-0.329","52.21%"
"10/26/2021","-0.249","-0.199","-0.199","-0.204","-0.80%"
"10/25/2021","-0.251","-0.197","-0.197","-0.201","0.80%"
"10/22/2021","-0.249","-0.199","-0.182","-0.199","-0.80%"
"10/21/2021","-0.251","-0.197","-0.197","-0.201","1.21%"
"10/20/2021","-0.248","-0.198","-0.194","-0.202","0.81%"
"10/19/2021","-0.246","-0.200","-0.188","-0.208","-1.99%"
"10/18/2021","-0.251","-0.198","-0.190","-0.201","0.80%"
"10/15/2021","-0.249","-0.199","-0.199","-0.203","-0.80%"
"10/14/2021","-0.251","-0.197","-0.197","-0.205","0.80%"
"10/13/2021","-0.249","-0.199","-0.195","-0.199","-0.40%"
"10/12/2021","-0.250","-0.197","-0.197","-0.204","0.81%"
"10/11/2021","-0.248","-0.198","-0.194","-0.198","-0.80%"
"10/08/2021","-0.250","-0.200","-0.200","-0.200","-0.40%"
"10/07/2021","-0.251","-0.198","-0.198","-0.205","11.56%"
"10/06/2021","-0.225","-0.180","-0.169","-0.185","-0.88%"
"10/05/2021","-0.227","-0.177","-0.167","-0.177","0.89%"
"10/04/2021","-0.225","-0.180","-0.169","-0.180","-0.88%"
"10/01/2021","-0.227","-0.177","-0.172","-0.182","0.89%"
"09/30/2021","-0.225","-0.175","-0.170","-0.180","0.90%"
"09/29/2021","-0.223","-0.173","-0.091","-0.187","-0.89%"
"09/28/2021","-0.225","-0.175","-0.170","-0.175","0.90%"
"09/27/2021","-0.223","-0.177","-0.173","-0.177","-0.89%"
"09/24/2021","-0.225","-0.171","-0.171","-0.180","0.90%"
"09/23/2021","-0.223","-0.177","-0.173","-0.177","-0.89%"
"09/22/2021","-0.225","-0.175","-0.171","-0.175","0.90%"
"09/21/2021","-0.223","-0.178","-0.169","-0.182","-1.11%"
"09/20/2021","-0.226","-0.176","-0.176","-0.180","0.89%"
"09/17/2021","-0.223","-0.178","-0.169","-0.178","-1.11%"
"09/16/2021","-0.226","-0.176","-0.171","-0.176","0.89%"
"09/15/2021","-0.224","-0.178","-0.174","-0.178","-0.88%"
"09/14/2021","-0.226","-0.176","-0.168","-0.180","4.63%"
"09/13/2021","-0.216","-0.166","-0.160","-0.166","1.41%"
"09/10/2021","-0.213","-0.169","-0.163","-0.169","-1.39%"
"09/09/2021","-0.216","-0.166","-0.166","-0.166","0.93%"
"09/08/2021","-0.214","-0.169","-0.164","-0.169","-1.38%"
"09/07/2021","-0.217","-0.167","-0.162","-0.167","1.40%"
"09/06/2021","-0.214","-0.169","-0.164","-0.169","-1.38%"
"09/03/2021","-0.217","-0.167","-0.167","-0.172","0.93%"
"09/02/2021","-0.215","-0.165","-0.165","-0.165","0.94%"
"09/01/2021","-0.213","-0.168","-0.163","-0.168","-1.39%"
"08/31/2021","-0.216","-0.166","-0.166","-0.166","1.17%"
"08/30/2021","-0.213","-0.168","-0.163","-0.168","-1.16%"
"08/27/2021","-0.216","-0.166","-0.161","-0.166","0.93%"
"08/26/2021","-0.214","-0.168","-0.164","-0.168","0.94%"
"08/25/2021","-0.212","-0.167","-0.162","-0.167","-1.40%"
"08/24/2021","-0.215","-0.165","-0.160","-0.165","0.94%"
"08/23/2021","-0.213","-0.163","-0.163","-0.163","-0.93%"
"08/20/2021","-0.215","-0.165","-0.165","-0.165","0.94%"
"08/19/2021","-0.213","-0.171","-0.163","-0.176","-3.18%"
"08/18/2021","-0.220","-0.162","-0.162","-0.170","4.76%"
"08/17/2021","-0.210","-0.172","-0.160","-0.172","-4.55%"
"08/16/2021","-0.220","-0.166","-0.166","-0.170","0.92%"
"08/13/2021","-0.218","-0.164","-0.164","-0.168","0.93%"
"08/12/2021","-0.216","-0.166","-0.166","-0.166","2.37%"
"08/11/2021","-0.211","-0.169","-0.161","-0.169","-4.31%"
"08/10/2021","-0.221","-0.167","-0.167","-0.170","5.50%"
"08/09/2021","-0.209","-0.159","-0.149","-0.159","6.09%"
"08/06/2021","-0.197","-0.157","-0.147","-0.157","-6.19%"
"08/05/2021","-0.210","-0.155","-0.150","-0.160","2.94%"
"08/04/2021","-0.204","-0.154","-0.144","-0.154","1.49%"
"08/03/2021","-0.201","-0.156","-0.151","-0.156","-1.47%"
"08/02/2021","-0.204","-0.159","-0.154","-0.159","-1.45%"
"07/30/2021","-0.207","-0.148","-0.148","-0.157","5.61%"
"07/29/2021","-0.196","-0.150","-0.146","-0.150","-1.51%"
"07/28/2021","-0.199","-0.154","-0.149","-0.154","1.02%"
"07/27/2021","-0.197","-0.152","-0.147","-0.152","-1.50%"
"07/26/2021","-0.200","-0.150","-0.150","-0.150","1.01%"
"07/23/2021","-0.198","-0.152","-0.148","-0.152","-1.49%"
"07/22/2021","-0.201","-0.151","-0.151","-0.151","0.75%"
"07/21/2021","-0.199","-0.149","-0.149","-0.149","-1.24%"
"07/20/2021","-0.202","-0.156","-0.152","-0.156","1.00%"
"07/19/2021","-0.200","-0.154","-0.150","-0.154","-1.23%"
"07/16/2021","-0.203","-0.160","-0.153","-0.160","-3.11%"
"07/15/2021","-0.209","-0.159","-0.159","-0.159","0.97%"
"07/14/2021","-0.207","-0.157","-0.157","-0.157","0.49%"
"07/13/2021","-0.206","-0.156","-0.156","-0.156","-0.96%"
"07/12/2021","-0.208","-0.158","-0.158","-0.158","0.97%"
"07/09/2021","-0.206","-0.156","-0.156","-0.156","-0.96%"
"07/08/2021","-0.208","-0.158","-0.158","-0.158","-0.48%"
"07/07/2021","-0.209","-0.164","-0.159","-0.164","-1.42%"
"07/06/2021","-0.212","-0.162","-0.162","-0.162","-0.93%"
"07/05/2021","-0.214","-0.164","-0.154","-0.164","-1.38%"
"07/02/2021","-0.217","-0.162","-0.162","-0.167","0.93%"
"07/01/2021","-0.215","-0.145","-0.145","-0.165","10.82%"
"06/30/2021","-0.194","-0.149","-0.144","-0.154","-1.52%"
"06/29/2021","-0.197","-0.156","-0.147","-0.156","-5.74%"
"06/28/2021","-0.209","-0.159","-0.159","-0.159","0.97%"
"06/24/2021","-0.207","-0.157","-0.157","-0.157","-0.96%"
"06/23/2021","-0.209","-0.164","-0.159","-0.164","-2.79%"
"06/22/2021","-0.215","-0.165","-0.156","-0.165","2.87%"
"06/21/2021","-0.209","-0.146","-0.146","-0.159","5.56%"
"06/18/2021","-0.198","-0.161","-0.148","-0.161","-5.26%"
"06/17/2021","-0.209","-0.147","-0.130","-0.159","6.63%"
"06/16/2021","-0.196","-0.158","-0.146","-0.158","-10.09%"
"06/15/2021","-0.218","-0.162","-0.162","-0.168","-1.36%"
"06/14/2021","-0.221","-0.171","-0.171","-0.177","0.91%"
"06/11/2021","-0.219","-0.174","-0.169","-0.174","-0.90%"
"06/10/2021","-0.221","-0.166","-0.166","-0.171","0.91%"
"06/09/2021","-0.219","-0.175","-0.169","-0.175","-3.52%"
"06/08/2021","-0.227","-0.172","-0.167","-0.177","3.65%"
"06/07/2021","-0.219","-0.144","-0.144","-0.169","8.42%"
"06/04/2021","-0.202","-0.152","-0.152","-0.152","1.00%"
"06/03/2021","-0.200","-0.150","-0.145","-0.150","0.50%"
"06/02/2021","-0.199","-0.149","-0.149","-0.149","1.02%"
"06/01/2021","-0.197","-0.151","-0.147","-0.151","-1.25%"
"05/31/2021","-0.199","-0.168","-0.149","-0.168","-7.64%"
"05/28/2021","-0.216","-0.152","-0.148","-0.166","8.00%"
"05/27/2021","-0.200","-0.150","-0.150","-0.150","0.50%"
"05/26/2021","-0.199","-0.149","-0.149","-0.149","-1.49%"
"05/25/2021","-0.202","-0.147","-0.147","-0.152","3.06%"
"05/24/2021","-0.196","-0.146","-0.146","-0.146","1.03%"
"05/21/2021","-0.194","-0.152","-0.144","-0.157","-5.37%"
"05/20/2021","-0.205","-0.146","-0.146","-0.155","2.76%"
"05/19/2021","-0.199","-0.149","-0.149","-0.149","-1.24%"
"05/18/2021","-0.202","-0.152","-0.152","-0.152","1.00%"
"05/17/2021","-0.200","-0.150","-0.150","-0.150","-0.99%"
"05/14/2021","-0.202","-0.152","-0.152","-0.152","-1.46%"
"05/12/2021","-0.205","-0.155","-0.155","-0.155","0.99%"
"05/11/2021","-0.203","-0.153","-0.153","-0.153","2.01%"
"05/10/2021","-0.199","-0.154","-0.149","-0.154","-3.86%"
"05/07/2021","-0.207","-0.152","-0.152","-0.157","0.98%"
"05/06/2021","-0.205","-0.150","-0.145","-0.155","3.02%"
"05/05/2021","-0.199","-0.149","-0.149","-0.149","1.02%"
"05/04/2021","-0.197","-0.161","-0.147","-0.161","-5.74%"
"05/03/2021","-0.209","-0.149","-0.149","-0.159","3.47%"
"04/30/2021","-0.202","-0.148","-0.148","-0.152","1.00%"
"04/29/2021","-0.200","-0.150","-0.150","-0.150","0.50%"
"04/28/2021","-0.199","-0.154","-0.149","-0.154","-3.40%"
"04/27/2021","-0.206","-0.156","-0.156","-0.156","0.98%"
"04/26/2021","-0.204","-0.154","-0.154","-0.154","0.99%"
"04/23/2021","-0.202","-0.144","-0.144","-0.152","5.21%"
"04/22/2021","-0.192","-0.142","-0.142","-0.142","-1.79%"
"04/21/2021","-0.196","-0.146","-0.146","-0.146","0.77%"
"04/20/2021","-0.194","-0.140","-0.140","-0.144","1.04%"
"04/19/2021","-0.192","-0.134","-0.134","-0.150","2.67%"
"04/16/2021","-0.187","-0.145","-0.137","-0.145","-5.08%"
"04/15/2021","-0.197","-0.143","-0.135","-0.147","2.60%"
"04/14/2021","-0.192","-0.142","-0.142","-0.142","0.52%"
"04/13/2021","-0.191","-0.141","-0.141","-0.141","0.53%"
"04/12/2021","-0.190","-0.140","-0.140","-0.140","-1.04%"
"04/09/2021","-0.192","-0.142","-0.142","-0.142","1.05%"
"04/08/2021","-0.190","-0.140","-0.140","-0.147","0.00%"
"04/07/2021","-0.190","-0.147","-0.140","-0.150","-12.44%"
"04/06/2021","-0.217","-0.167","-0.156","-0.167","-1.36%"
"04/01/2021","-0.220","-0.170","-0.170","-0.170","1.38%"
"03/31/2021","-0.217","-0.162","-0.162","-0.167","0.46%"
"03/30/2021","-0.216","-0.161","-0.161","-0.166","0.93%"
"03/29/2021","-0.214","-0.173","-0.164","-0.173","-4.89%"
"03/26/2021","-0.225","-0.166","-0.157","-0.175","5.14%"
"03/25/2021","-0.214","-0.169","-0.164","-0.169","-1.38%"
"03/24/2021","-0.217","-0.167","-0.167","-0.167","-0.91%"
"03/23/2021","-0.219","-0.160","-0.160","-0.169","2.82%"
"03/22/2021","-0.213","-0.163","-0.163","-0.171","-4.91%"
"03/19/2021","-0.224","-0.169","-0.169","-0.174","3.23%"
"03/18/2021","-0.217","-0.130","-0.130","-0.167","21.23%"
"03/17/2021","-0.179","-0.170","-0.129","-0.174","-19.37%"
"03/16/2021","-0.222","-0.172","-0.172","-0.172","0.91%"
"03/15/2021","-0.220","-0.127","-0.127","-0.170","25.71%"
"03/12/2021","-0.175","-0.172","-0.125","-0.172","-23.25%"
"03/11/2021","-0.228","-0.170","-0.170","-0.178","4.11%"
"03/10/2021","-0.219","-0.169","-0.169","-0.169","-0.90%"
"03/09/2021","-0.221","-0.160","-0.160","-0.171","6.25%"
"03/08/2021","-0.208","-0.173","-0.158","-0.173","-2.80%"
"03/05/2021","-0.214","-0.171","-0.164","-0.171","0.94%"
"03/04/2021","-0.212","-0.173","-0.162","-0.173","18.11%"
"03/03/2021","-0.179","-0.134","-0.130","-0.134","0.84%"
"03/02/2021","-0.178","-0.137","-0.128","-0.137","-6.32%"
"03/01/2021","-0.190","-0.131","-0.131","-0.140","3.26%"
"02/26/2021","-0.184","-0.134","-0.134","-0.134","9.52%"
"02/25/2021","-0.168","-0.137","-0.118","-0.137","-11.58%"
"02/24/2021","-0.190","-0.136","-0.136","-0.140","3.26%"
"02/23/2021","-0.184","-0.139","-0.134","-0.139","-1.60%"
"02/22/2021","-0.187","-0.137","-0.137","-0.137","1.08%"
"02/19/2021","-0.185","-0.140","-0.135","-0.140","-3.65%"
"02/18/2021","-0.192","-0.138","-0.138","-0.142","2.67%"
"02/17/2021","-0.187","-0.137","-0.137","-0.137","0.54%"
"02/16/2021","-0.186","-0.144","-0.136","-0.144","9.41%"
"02/15/2021","-0.170","-0.131","-0.120","-0.131","-8.11%"
"02/12/2021","-0.185","-0.135","-0.124","-0.135","1.09%"
"02/11/2021","-0.183","-0.127","-0.127","-0.133","3.39%"
"02/10/2021","-0.177","-0.127","-0.127","-0.127","-1.67%"
"02/09/2021","-0.180","-0.130","-0.130","-0.130","1.12%"
"02/08/2021","-0.178","-0.123","-0.118","-0.128","3.49%"
"02/05/2021","-0.172","-0.132","-0.122","-0.137","-7.03%"
"02/04/2021","-0.185","-0.120","-0.120","-0.135","8.82%"
"02/03/2021","-0.170","-0.130","-0.120","-0.130","-6.85%"
"02/02/2021","-0.183","-0.128","-0.123","-0.132","0.83%"
"02/01/2021","-0.181","-0.122","-0.122","-0.131","6.47%"
"01/29/2021","-0.170","-0.124","-0.120","-0.124","-1.73%"
"01/28/2021","-0.173","-0.127","-0.123","-0.123","0.00%"
"01/27/2021","-0.173","-0.127","-0.123","-0.132","-3.89%"
"01/26/2021","-0.180","-0.134","-0.130","-0.139","-1.64%"
"01/25/2021","-0.183","-0.133","-0.133","-0.133","1.10%"
"01/22/2021","-0.181","-0.135","-0.131","-0.140","-3.72%"
"01/21/2021","-0.188","-0.134","-0.134","-0.138","2.73%"
"01/20/2021","-0.183","-0.133","-0.133","-0.141","0.55%"
"01/19/2021","-0.182","-0.144","-0.132","-0.144","-5.21%"
"01/18/2021","-0.192","-0.142","-0.142","-0.142","0.52%"
"01/15/2021","-0.191","-0.141","-0.141","-0.141","-1.04%"
"01/14/2021","-0.193","-0.143","-0.143","-0.151","-12.67%"
"01/13/2021","-0.221","-0.183","-0.171","-0.183","-6.36%"
"01/12/2021","-0.236","-0.174","-0.174","-0.186","3.96%"
"01/11/2021","-0.227","-0.183","-0.177","-0.183","-1.30%"
"01/08/2021","-0.230","-0.174","-0.169","-0.180","3.60%"
"01/07/2021","-0.222","-0.188","-0.172","-0.188","-5.53%"
"01/05/2021","-0.235","-0.196","-0.185","-0.201","-5.24%"
"01/04/2021","-0.248","-0.183","-0.183","-0.198","6.67%"
"12/30/2020","-0.233","-0.198","-0.183","-0.198","-10.58%"
"12/29/2020","-0.260","-0.200","-0.200","-0.210","3.59%"
"12/28/2020","-0.251","-0.178","-0.178","-0.201","9.13%"
"12/23/2020","-0.230","-0.198","-0.180","-0.198","-11.37%"
"12/22/2020","-0.259","-0.200","-0.200","-0.209","3.39%"
"12/21/2020","-0.251","-0.201","-0.201","-0.206","-0.79%"
"12/18/2020","-0.253","-0.199","-0.191","-0.203","2.43%"
"12/17/2020","-0.247","-0.201","-0.197","-0.201","-1.98%"
"12/16/2020","-0.252","-0.198","-0.194","-0.202","0.80%"
"12/15/2020","-0.250","-0.200","-0.200","-0.200","-0.79%"
"12/14/2020","-0.252","-0.190","-0.190","-0.202","4.13%"
"12/11/2020","-0.242","-0.168","-0.168","-0.192","10.00%"
"12/10/2020","-0.220","-0.190","-0.170","-0.190","-8.71%"
"12/09/2020","-0.241","-0.150","-0.150","-0.191","19.31%"
"12/08/2020","-0.202","-0.145","-0.145","-0.160","4.66%"
"12/07/2020","-0.193","-0.143","-0.143","-0.154","0.52%"
"12/04/2020","-0.192","-0.153","-0.142","-0.153","-6.34%"
"12/03/2020","-0.205","-0.147","-0.144","-0.155","4.06%"
"12/02/2020","-0.197","-0.150","-0.147","-0.150","-1.01%"
"12/01/2020","-0.199","-0.138","-0.135","-0.149","6.42%"
"11/30/2020","-0.187","-0.140","-0.137","-0.140","-3.11%"
"11/27/2020","-0.193","-0.122","-0.119","-0.143","10.92%"
"11/26/2020","-0.174","-0.121","-0.114","-0.124","1.75%"
"11/25/2020","-0.171","-0.124","-0.121","-0.124","-1.16%"
"11/24/2020","-0.173","-0.113","-0.113","-0.123","6.46%"
"11/23/2020","-0.162","-0.119","-0.112","-0.125","-3.27%"
"11/20/2020","-0.168","-0.105","-0.105","-0.118","7.01%"
"11/19/2020","-0.157","-0.114","-0.107","-0.117","-5.99%"
"11/18/2020","-0.167","-0.108","-0.108","-0.117","4.37%"
"11/17/2020","-0.160","-0.113","-0.110","-0.113","-24.53%"
"11/16/2020","-0.212","-0.112","-0.112","-0.112","31.68%"
"11/13/2020","-0.161","-0.114","-0.111","-0.123","-9.04%"
"11/12/2020","-0.177","-0.122","-0.122","-0.127","2.91%"
"11/11/2020","-0.172","-0.122","-0.122","-0.122","-1.71%"
"11/10/2020","-0.175","-0.125","-0.125","-0.130","-1.69%"
"11/09/2020","-0.178","-0.123","-0.123","-0.128","-2.20%"
"11/06/2020","-0.182","-0.127","-0.127","-0.132","-1.62%"
"11/05/2020","-0.185","-0.130","-0.125","-0.135","5.71%"
"11/04/2020","-0.175","-0.125","-0.125","-0.125","-1.69%"
"11/03/2020","-0.178","-0.133","-0.128","-0.137","-1.66%"
"11/02/2020","-0.181","-0.131","-0.131","-0.135","1.12%"
"10/30/2020","-0.179","-0.134","-0.129","-0.134","-8.67%"
"10/29/2020","-0.196","-0.132","-0.132","-0.146","7.69%"
"10/28/2020","-0.182","-0.127","-0.119","-0.132","1.11%"
"10/27/2020","-0.180","-0.130","-0.130","-0.130","1.12%"
"10/26/2020","-0.178","-0.124","-0.124","-0.128","2.89%"
"10/23/2020","-0.173","-0.123","-0.114","-0.123","1.17%"
"10/22/2020","-0.171","-0.109","-0.109","-0.121","7.55%"
"10/21/2020","-0.159","-0.182","0.648","-0.186","-30.87%"
"10/20/2020","-0.230","-0.120","-0.120","-0.180","32.95%"
"10/19/2020","-0.173","-0.123","-0.123","-0.123","1.17%"
"10/16/2020","-0.171","-0.121","-0.121","-0.121","0.59%"
"10/15/2020","-0.170","-0.120","-0.120","-0.120","0.00%"
"10/14/2020","-0.170","-0.120","-0.120","-0.120","-1.16%"
"10/13/2020","-0.172","-0.122","-0.122","-0.122","0.58%"
"10/12/2020","-0.171","-0.121","-0.121","-0.121","-4.47%"
"10/09/2020","-0.179","-0.129","-0.129","-0.129","-2.19%"
"10/08/2020","-0.183","-0.133","-0.133","-0.133","0.55%"
"10/07/2020","-0.182","-0.132","-0.132","-0.132","1.11%"
"10/06/2020","-0.180","-0.130","-0.130","-0.130","1.12%"
"10/05/2020","-0.178","-0.128","-0.128","-0.128","-2.20%"
"10/02/2020","-0.182","-0.132","-0.132","-0.132","1.11%"
"10/01/2020","-0.180","-0.130","-0.130","-0.130","0.00%"
"09/30/2020","-0.180","-0.130","-0.130","-0.130","-1.64%"
"09/29/2020","-0.183","-0.133","-0.133","-0.133","1.10%"
"09/28/2020","-0.181","-0.131","-0.131","-0.131","1.12%"
"09/25/2020","-0.179","-0.129","-0.129","-0.129","-1.65%"
"09/24/2020","-0.182","-0.132","-0.132","-0.132","0.00%"
"09/23/2020","-0.182","-0.132","-0.132","-0.132","1.11%"
"09/22/2020","-0.180","-0.130","-0.130","-0.130","-1.64%"
"09/21/2020","-0.183","-0.133","-0.133","-0.133","1.10%"
"09/18/2020","-0.181","-0.131","-0.131","-0.131","0.56%"
"09/17/2020","-0.180","-0.130","-0.130","-0.130","0.56%"
"09/16/2020","-0.179","-0.129","-0.129","-0.129","-1.65%"
"09/15/2020","-0.182","-0.132","-0.132","-0.132","1.11%"
"09/14/2020","-0.180","-0.130","-0.130","-0.130","-1.64%"
"09/11/2020","-0.183","-0.133","-0.133","-0.133","0.55%"
"09/10/2020","-0.182","-0.132","-0.132","-0.132","0.55%"
"09/09/2020","-0.181","-0.131","-0.131","-0.131","0.56%"
"09/08/2020","-0.180","-0.130","-0.130","-0.130","1.12%"
"09/07/2020","-0.178","-0.134","-0.128","-0.134","-2.20%"
"09/04/2020","-0.182","-0.132","-0.132","-0.132","1.11%"
"09/03/2020","-0.180","-0.130","-0.130","-0.130","0.56%"
"09/02/2020","-0.179","-0.129","-0.129","-0.129","0.56%"
"09/01/2020","-0.178","-0.128","-0.128","-0.128","-1.66%"
"08/31/2020","-0.181","-0.131","-0.131","-0.131","0.84%"
"08/28/2020","-0.179","-0.134","-0.129","-0.134","-1.37%"
"08/27/2020","-0.182","-0.132","-0.132","-0.132","0.00%"
"08/26/2020","-0.182","-0.132","-0.132","-0.132","1.11%"
"08/25/2020","-0.180","-0.130","-0.130","-0.130","1.41%"
"08/24/2020","-0.177","-0.133","-0.128","-0.133","-2.47%"
"08/21/2020","-0.182","-0.131","-0.131","-0.131","1.11%"
"08/20/2020","-0.180","-0.130","-0.130","-0.130","0.28%"
"08/19/2020","-0.179","-0.133","-0.129","-0.133","-1.37%"
"08/18/2020","-0.182","-0.132","-0.132","-0.132","1.39%"
"08/17/2020","-0.179","-0.130","-0.130","-0.130","0.00%"
"08/14/2020","-0.179","-0.133","-0.129","-0.133","-1.37%"
"08/13/2020","-0.182","-0.132","-0.132","-0.132","0.00%"
"08/12/2020","-0.182","-0.131","-0.131","-0.131","21.81%"
"08/11/2020","-0.149","-0.099","-0.099","-0.099","0.68%"
"08/10/2020","-0.148","-0.103","-0.098","-0.103","-1.99%"
"08/07/2020","-0.151","-0.101","-0.101","-0.101","0.67%"
"08/06/2020","-0.150","-0.100","-0.100","-0.100","-14.77%"
"08/05/2020","-0.176","-0.091","-0.091","-0.101","6.67%"
"08/04/2020","-0.165","-0.090","-0.090","-0.090","0.61%"
"08/03/2020","-0.164","-0.093","-0.089","-0.093","-1.80%"
"07/31/2020","-0.167","-0.092","-0.092","-0.092","0.60%"
"07/30/2020","-0.166","-0.091","-0.091","-0.091","-0.60%"
"07/29/2020","-0.167","-0.092","-0.092","-0.092","0.60%"
"07/28/2020","-0.166","-0.091","-0.091","-0.091","0.61%"
"07/27/2020","-0.165","-0.090","-0.090","-0.090","0.61%"
"07/24/2020","-0.164","-0.093","-0.089","-0.093","-1.80%"
"07/23/2020","-0.167","-0.088","-0.088","-0.092","1.83%"
"07/22/2020","-0.164","-0.093","-0.089","-0.093","-1.80%"
"07/21/2020","-0.167","-0.092","-0.092","-0.092","0.60%"
"07/20/2020","-0.166","-0.091","-0.091","-0.091","0.61%"
"07/17/2020","-0.165","-0.090","-0.090","-0.090","0.61%"
"07/16/2020","-0.164","-0.089","-0.089","-0.089","-0.61%"
"07/15/2020","-0.165","-0.090","-0.090","-0.090","0.00%"
"07/14/2020","-0.165","-0.093","-0.089","-0.093","-1.20%"
"07/13/2020","-0.167","-0.092","-0.092","-0.092","0.91%"
"07/10/2020","-0.166","-0.087","-0.087","-0.214","12.97%"
"07/09/2020","-0.147","-0.072","-0.072","-0.072","2.45%"
"07/08/2020","-0.143","-0.069","-0.069","-0.069","0.00%"
"07/07/2020","-0.144","-0.068","-0.068","-0.068","-2.05%"
"07/06/2020","-0.147","-0.072","-0.072","-0.072","0.00%"
"07/03/2020","-0.147","-0.071","-0.071","-0.071","1.38%"
"07/02/2020","-0.145","-0.070","-0.070","-0.070","-1.02%"
"07/01/2020","-0.147","-0.072","-0.072","-0.072","0.00%"
"06/30/2020","-0.147","-0.071","-0.071","-0.071","1.38%"
"06/29/2020","-0.145","-0.070","-0.070","-0.070","0.00%"
"06/26/2020","-0.145","-0.069","-0.069","-0.069","1.40%"
"06/25/2020","-0.143","-0.068","-0.068","-0.068","-1.04%"
"06/24/2020","-0.145","-0.070","-0.070","-0.070","0.00%"
"06/23/2020","-0.145","-0.069","-0.069","-0.069","1.40%"
"06/22/2020","-0.143","-0.068","-0.068","-0.068","-2.05%"
"06/18/2020","-0.146","-0.072","-0.072","-0.072","-0.34%"
"06/17/2020","-0.147","-0.071","-0.071","-0.071","-1.01%"
"06/16/2020","-0.148","-0.072","-0.072","-0.072","1.37%"
"06/15/2020","-0.146","-0.071","-0.071","-0.071","1.04%"
"06/12/2020","-0.145","-0.070","-0.070","-0.070","0.00%"
"06/11/2020","-0.145","-0.174","-0.070","-0.174","-41.30%"
"06/10/2020","-0.247","-0.172","-0.172","-0.172","41.55%"
"06/09/2020","-0.175","-0.099","-0.099","-0.099","1.16%"
"06/08/2020","-0.172","-0.098","-0.098","-0.098","-2.54%"
"06/05/2020","-0.177","-0.101","-0.101","-0.101","1.14%"
"06/04/2020","-0.175","-0.100","-0.100","-0.100","0.00%"
"06/03/2020","-0.175","-0.101","-0.101","-0.101","0.00%"
"06/02/2020","-0.175","-0.099","-0.099","-0.099","1.45%"
"06/01/2020","-0.172","-0.098","-0.098","-0.098","0.00%"
"05/29/2020","-0.173","-0.097","-0.097","-0.097","-1.14%"
"05/28/2020","-0.175","-0.100","-0.100","-0.100","-0.28%"
"05/27/2020","-0.176","-0.101","-0.101","-0.101","0.00%"
"05/26/2020","-0.176","-0.100","-0.100","-0.100","1.45%"
"05/25/2020","-0.173","-0.098","-0.098","-0.098","1.17%"
"05/22/2020","-0.171","-0.097","-0.097","-0.097","-2.56%"
"05/20/2020","-0.176","-0.100","-0.100","-0.100","2.33%"
"05/19/2020","-0.171","-0.097","-0.097","-0.097","-1.44%"
"05/18/2020","-0.174","-0.142","-0.099","-0.142","-31.09%"
"05/15/2020","-0.252","-0.177","-0.177","-0.177","1.81%"
"05/14/2020","-0.248","-0.174","-0.174","-0.174","-1.00%"
"05/13/2020","-0.250","-0.177","-0.177","-0.177","0.60%"
"05/12/2020","-0.249","-0.174","-0.174","-0.174","-0.80%"
"05/11/2020","-0.251","-0.177","-0.177","-0.177","0.40%"
"05/08/2020","-0.250","-0.174","-0.174","-0.174","-0.60%"
"05/07/2020","-0.252","-0.177","-0.177","-0.177","1.21%"
"05/06/2020","-0.249","-0.175","-0.175","-0.175","-1.58%"
"05/05/2020","-0.252","-0.177","-0.177","-0.177","1.41%"
"05/04/2020","-0.249","-0.175","-0.175","-0.175","-1.58%"
"04/30/2020","-0.253","-0.177","-0.177","-0.177","1.40%"
"04/29/2020","-0.250","-0.175","-0.175","-0.175","-0.40%"
"04/28/2020","-0.250","-0.175","-0.175","-0.175","-0.60%"
"04/27/2020","-0.252","-0.177","-0.177","-0.177","0.40%"
"04/24/2020","-0.251","-0.175","-0.175","-0.175","-0.40%"
"04/23/2020","-0.252","-0.177","-0.177","-0.177","1.00%"
"04/22/2020","-0.250","-0.175","-0.175","-0.175","-1.58%"
"04/21/2020","-0.254","-0.178","-0.178","-0.178","1.20%"
"04/20/2020","-0.250","-0.176","-0.176","-0.176","-1.38%"
"04/17/2020","-0.254","-0.178","-0.178","-0.178","1.20%"
"04/16/2020","-0.251","-0.176","-0.176","-0.176","-0.59%"
"04/15/2020","-0.252","-0.178","-0.178","-0.178","0.40%"
"04/14/2020","-0.252","-0.176","-0.176","-0.176","-0.59%"
"04/09/2020","-0.253","-0.178","-0.178","-0.178","8.58%"
"04/08/2020","-0.233","-0.157","-0.157","-0.157","0.65%"
"04/07/2020","-0.231","-0.156","-0.156","-0.156","1.31%"
"04/06/2020","-0.228","-0.154","-0.154","-0.154","-1.93%"
"04/03/2020","-0.233","-0.157","-0.157","-0.157","1.53%"
"04/02/2020","-0.229","-0.155","-0.155","-0.155","-1.29%"
"04/01/2020","-0.233","-0.158","-0.158","-0.158","0.43%"
"03/31/2020","-0.231","-0.156","-0.156","-0.156","1.31%"
"03/30/2020","-0.228","-0.154","-0.154","-0.154","-1.93%"
"03/27/2020","-0.233","-0.157","-0.157","-0.157","1.30%"
"03/26/2020","-0.230","-0.155","-0.155","-0.155","-1.08%"
"03/25/2020","-0.233","-0.158","-0.158","-0.158","0.43%"
"03/24/2020","-0.231","-0.156","-0.156","-0.156","1.09%"
"03/23/2020","-0.229","-0.154","-0.154","-0.154","-1.72%"
"03/20/2020","-0.233","-0.157","-0.157","-0.157","1.30%"
"03/19/2020","-0.230","-0.155","-0.155","-0.155","-1.08%"
"03/18/2020","-0.233","-0.158","-0.158","-0.158","12.86%"
"03/17/2020","-0.206","-0.156","-0.156","-0.156","3.26%"
"03/16/2020","-0.199","-0.148","-0.148","-0.148","-1.48%"
"03/13/2020","-0.203","-0.152","-0.152","-0.152","1.76%"
"03/12/2020","-0.199","-0.149","-0.149","-0.149","0.00%"
"03/11/2020","-0.199","-0.148","-0.148","-0.148","-1.00%"
"03/10/2020","-0.200","-0.151","-0.151","-0.151","1.26%"
"03/09/2020","-0.198","-0.149","-0.149","-0.149","-2.22%"
"03/06/2020","-0.203","-0.152","-0.152","-0.152","1.25%"
"03/05/2020","-0.200","-0.150","-0.150","-0.150","0.50%"
"03/04/2020","-0.199","-0.149","-0.149","-0.149","-1.00%"
"03/03/2020","-0.201","-0.151","-0.151","-0.151","1.52%"
"03/02/2020","-0.198","-0.149","-0.149","-0.149","-2.46%"
"02/28/2020","-0.203","-0.152","-0.152","-0.152","1.50%"
"02/27/2020","-0.200","-0.150","-0.150","-0.150","0.25%"
"02/26/2020","-0.199","-0.149","-0.149","-0.149","-0.99%"
"02/25/2020","-0.201","-0.152","-0.152","-0.152","1.26%"
"02/24/2020","-0.199","-0.150","-0.150","-0.150","0.00%"
"02/21/2020","-0.199","-0.148","-0.148","-0.148","-1.00%"
"02/20/2020","-0.201","-0.151","-0.151","-0.151","0.75%"
"02/19/2020","-0.199","-0.149","-0.149","-0.149","-1.24%"
"02/18/2020","-0.202","-0.152","-0.152","-0.152","1.25%"
"02/17/2020","-0.199","-0.150","-0.150","-0.150","0.00%"
"02/14/2020","-0.199","-0.149","-0.149","-0.149","-0.75%"
"02/13/2020","-0.201","-0.151","-0.151","-0.151","0.25%"
"02/12/2020","-0.200","-0.150","-0.150","-0.150","1.26%"
"02/11/2020","-0.198","-0.148","-0.148","-0.148","-0.75%"
"02/10/2020","-0.199","-0.148","-0.148","-0.148","-1.48%"
"02/07/2020","-0.203","-0.152","-0.152","-0.152","1.76%"
"02/06/2020","-0.199","-0.149","-0.149","-0.149","0.00%"
"02/05/2020","-0.199","-0.148","-0.148","-0.148","-1.00%"
"02/04/2020","-0.200","-0.151","-0.151","-0.151","1.26%"
"02/03/2020","-0.198","-0.149","-0.149","-0.149","-2.22%"
"01/31/2020","-0.203","-0.152","-0.152","-0.152","1.25%"
"01/30/2020","-0.200","-0.150","-0.150","-0.150","0.25%"
"01/29/2020","-0.199","-0.149","-0.149","-0.149","-0.99%"
"01/28/2020","-0.201","-0.152","-0.152","-0.152","1.26%"
"01/27/2020","-0.199","-0.150","-0.150","-0.150","-1.97%"
"01/24/2020","-0.203","-0.152","-0.152","-0.152","1.50%"
"01/23/2020","-0.200","-0.150","-0.150","-0.150","0.25%"
"01/22/2020","-0.199","-0.149","-0.149","-0.149","-0.99%"
"01/21/2020","-0.201","-0.152","-0.152","-0.152","1.26%"
"01/20/2020","-0.199","-0.150","-0.150","-0.150","0.00%"
"01/17/2020","-0.199","-0.148","-0.148","-0.148","-1.00%"
"01/16/2020","-0.201","-0.151","-0.151","-0.151","0.25%"
"01/15/2020","-0.200","-0.150","-0.150","-0.150","-0.74%"
"01/14/2020","-0.202","-0.152","-0.152","-0.152","-15.66%"
"01/13/2020","-0.240","-0.188","-0.188","-0.188","-0.83%"
"01/10/2020","-0.242","-0.185","-0.185","-0.191","1.68%"
"01/09/2020","-0.237","-0.188","-0.188","-0.188","-20.57%"
"01/08/2020","-0.299","-0.249","-0.249","-0.249","0.00%"
"01/07/2020","-0.299","-0.250","-0.250","-0.250","-1.16%"
"01/03/2020","-0.303","-0.247","-0.247","-0.252","1.51%"
"01/02/2020","-0.299","-0.349","-0.248","-0.349","-25.38%"