Date,AMP.MI,CPR.MI,DIA.MI,ELN.MI,ENEL.MI,ENI.MI,ERG.MI,G.MI,HER.MI,IG.MI,IP.MI,ISP.MI,ITM.MI,LDO.MI,MB.MI,MONC.MI,MS.MI,NEXI.MI,PRY.MI,RACE.MI,REC.MI,SPM.MI,SRG.MI,STLAM.MI,TIT.MI,TRN.MI,UCG.MI,UNI.MI,YKY.MI
2020-12-31,32.50756072998047,9.02027702331543,161.7002716064453,6.0796589851379395,6.092830657958984,6.118173599243164,19.348840713500977,10.535849571228027,2.446539878845215,4.012507438659668,38.960906982421875,1.2727718353271484,22.807477951049805,5.617664813995361,5.31237268447876,46.24763107299805,,15.576163291931152,26.745277404785156,182.5586853027344,40.01533126831055,5.116775989532471,3.458983898162842,8.497335433959961,0.368751972913742,5.04049825668335,5.943358421325684,2.7784578800201416,
2021-01-31,31.256534576416016,8.572158813476562,171.68179321289062,6.20560359954834,6.0302534103393555,5.9778876304626465,20.820680618286133,10.41024684906006,2.367725372314453,3.821142673492432,35.77372360229492,1.2013006210327148,21.367416381835938,5.452271938323975,5.188370227813721,42.99166488647461,,13.965164184570312,24.50117301940918,166.688232421875,37.711334228515625,5.030916690826416,3.2537455558776855,7.262730121612549,0.3453019261360168,4.834039688110352,5.8726420402526855,2.575225353240967,
2021-02-28,31.514375686645508,9.05697536468506,154.38050842285156,6.331546783447266,5.891163349151611,6.786678791046143,19.613441467285156,11.48895263671875,2.425194501876831,3.7671282291412354,36.739532470703125,1.420106291770935,20.627925872802734,6.302050590515137,6.0718865394592285,47.31757736206055,,14.189179420471191,24.547163009643555,156.2853546142578,37.199337005615234,5.3789963722229,3.3019063472747803,8.977953910827637,0.3838967680931091,4.651775360107422,6.636543273925781,3.0584352016448975,
2021-03-31,30.311100006103516,9.225018501281738,130.044677734375,8.014616012573242,6.378589630126953,7.511009216308594,20.952978134155273,12.60459804534912,2.6829841136932373,4.2710065841674805,41.510650634765625,1.5375609397888184,22.34043312072754,6.562497138977051,6.6623077392578125,45.07621765136719,,14.184412956237791,25.48526954650879,172.59127807617188,40.49202346801758,5.392919540405273,3.633941650390625,10.62191104888916,0.450631707906723,5.192117214202881,7.004117488861084,3.3796277046203613,
2021-04-30,33.54848861694336,9.476119041442873,134.27493286132812,8.071863174438477,6.2088541984558105,7.107330799102783,20.55607795715332,12.327533721923828,2.7461998462677,4.183812141418457,42.7855224609375,1.5445483922958374,22.963159561157227,6.4579386711120605,6.624261379241943,47.0593147277832,,15.19486141204834,23.958545684814453,172.39773559570312,40.465538024902344,4.458905220031738,3.59704852104187,9.864842414855955,0.4458439946174621,4.943721294403076,6.653640270233154,3.2367963790893555,
2021-05-31,37.19651794433594,10.27927303314209,137.50701904296875,10.190011978149414,6.050384521484375,7.197515964508057,20.58915138244629,12.423583984375,2.8660638332366943,4.177638530731201,45.16142272949219,1.608100414276123,23.43020820617676,6.758306980133057,6.876492500305176,53.6081428527832,,15.766815185546877,25.963518142700195,168.18994140625,40.15657424926758,4.782619953155518,3.6946613788604736,11.85021686553955,0.428549587726593,5.038886070251465,8.276265144348145,3.2545619010925293,
2021-06-30,40.00695037841797,10.96876621246338,152.68292236328125,10.058204650878906,5.882151126861572,7.5263285636901855,21.314353942871097,13.247736930847168,2.86031723022461,4.453176975250244,48.508445739746094,1.573872685432434,24.23668098449707,6.4750471115112305,6.939903736114502,53.076202392578125,,17.644723892211914,28.29819107055664,169.21102905273438,43.0582389831543,4.736208915710449,3.746926069259643,12.065967559814451,0.4093010127544403,5.0679192543029785,7.842746734619141,3.4583163261413574,
2021-07-31,40.045379638671875,11.517447471618652,163.83497619628906,11.191198348999023,5.84309720993042,7.346047401428223,22.47385597229004,13.204635620117188,2.945699691772461,4.616373538970947,51.14076614379883,1.575223684310913,25.629594802856445,6.307753562927246,6.965267181396484,53.95056915283203,,17.234825134277344,28.288829803466797,178.78994750976562,46.613677978515625,4.492553234100342,4.042144775390625,11.800652503967283,0.3709000051021576,5.559009552001953,7.967284679412842,3.381498098373413,
2021-08-31,42.54340744018555,11.37177848815918,184.99041748046875,12.060596466064451,5.931290626525879,7.661171913146973,21.280250549316406,13.533771514892578,3.104112386703491,4.535583019256592,58.47434616088867,1.619815230369568,24.4356689453125,6.556793689727783,7.031496524810791,50.41587448120117,,16.820159912109375,29.833391189575195,178.64407348632812,49.63311004638672,4.657310485839844,3.962949275970459,12.34148406982422,0.3833000063896179,5.552377223968506,8.329863548278809,3.7821571826934814,
2021-09-30,39.584205627441406,11.828205108642578,173.5990447998047,13.096475601196287,5.11196231842041,8.461438179016113,21.911157608032227,14.411466598510742,2.9964895248413086,4.4757981300354,54.39473342895508,1.657650351524353,23.52032470703125,6.762109279632568,7.355592727661133,49.318260192871094,,15.404577255249023,28.38243865966797,175.96975708007812,44.91635513305664,4.940415859222412,3.798222780227661,12.042641639709473,0.3393999934196472,5.088020324707031,9.064481735229492,3.8062565326690674,
2021-10-31,42.226356506347656,11.925315856933594,187.0006866455078,16.00063705444336,5.561593532562256,9.46206283569336,26.61736488342285,14.77194881439209,2.9973366260528564,4.435402870178223,61.92258071899414,1.6603527069091797,24.157085418701172,6.02449369430542,7.267522811889648,57.782920837402344,,14.32263469696045,30.610349655151367,199.3578338623047,48.34672546386719,4.4008917808532715,3.878209829330444,12.573270797729492,0.3080999851226806,5.341757774353027,9.004576683044434,3.742994546890259,
2021-11-30,41.42890167236328,12.49827480316162,180.68275451660156,14.058363914489746,5.155004024505615,8.880792617797852,24.75875663757324,14.242937088012695,2.88547682762146,4.498419284820557,57.89153671264648,1.4867972135543823,25.191822052001953,5.686102867126465,6.883538246154785,59.606082916259766,,12.92135238647461,30.694597244262695,225.32296752929688,49.525909423828125,4.087619304656982,3.9391913414001465,11.035324096679688,0.4600000083446502,5.452871799468994,8.426027297973633,3.663167953491211,
2021-12-31,45.58909225463867,12.483708381652832,160.29312133789062,14.409822463989258,5.415559768676758,9.321703910827637,24.247209548950195,14.965927124023438,3.102417230606079,4.889445781707764,62.60250473022461,1.6480345726013184,25.868379592895508,5.988373756408691,7.597960472106934,59.550262451171875,,13.336017608642578,30.99414825439453,221.2385711669922,50.95061874389648,4.281384468078613,4.197368621826172,12.162178993225098,0.4341999888420105,5.986545085906982,10.6755952835083,3.803232192993164,
2022-01-31,36.058135986328125,10.769686698913574,131.048828125,13.188965797424316,5.211880207061768,10.151655197143556,22.013465881347656,14.925762176513672,3.116823673248291,4.740791320800781,52.79203414916992,1.8984285593032837,25.23162078857422,6.066317558288574,7.597960472106934,52.40646743774414,,12.306503295898438,27.830142974853516,197.3156280517578,44.67422103881836,3.135040521621704,3.928102970123291,12.369182586669922,0.4162000119686126,5.848536014556885,11.027138710021973,3.9440925121307377,
2022-02-28,36.94205474853515,9.466448783874512,127.93772888183594,12.023599624633787,5.215506076812744,10.551374435424805,24.093748092651367,14.242937088012695,2.9363222122192383,4.668079853057861,47.07087326049805,1.6621668338775637,24.4356689453125,7.604284286499023,7.008761882781982,50.397274017333984,,11.69642162322998,27.633562088012695,187.4449920654297,39.4619255065918,2.4504830837249756,4.0148234367370605,11.93185329437256,0.3779000043869018,6.178411483764648,8.976200103759766,3.6074602603912354,
2022-03-31,38.95009231567383,10.250140190124512,135.8351287841797,13.373943328857422,4.795831203460693,10.140973091125488,25.713638305664062,16.685041427612305,2.8354790210723877,4.7052435874938965,44.38998794555664,1.5099735260009766,23.002958297729492,8.573830604553223,6.92910099029541,47.19744491577149,,10.009162902832031,28.98154067993164,193.2312164306641,41.15727615356445,2.6593308448791504,4.23072624206543,10.78750228881836,0.3334999978542328,6.552043437957764,7.767866611480713,3.963192939758301,
2022-04-30,36.72107696533203,10.473495483398438,119.70532989501952,12.356561660766602,4.914383411407471,10.214204788208008,28.049692153930664,14.540166854858398,3.013437986373902,4.992857933044434,37.66835403442383,1.4167011976242063,24.037694931030273,9.338061332702637,7.22369909286499,46.769561767578125,,8.981554985046387,29.224924087524418,197.41287231445312,41.472896575927734,2.510817050933838,4.224256992340088,9.46238899230957,0.2781000137329101,6.535213947296143,7.019061088562012,4.1541900634765625,
2022-05-31,30.802661895751953,9.710041999816896,117.26431274414062,11.66289234161377,4.7768635749816895,10.830567359924316,27.58930206298828,13.616344451904297,2.9363222122192383,4.855514049530029,41.28171920776367,1.4715629816055298,21.848831176757812,9.52436637878418,7.180110454559326,41.57914733886719,,9.036843299865724,28.654766082763672,177.576904296875,37.586219787597656,2.74064302444458,4.374661922454834,10.966670036315918,0.2976000010967254,6.639561653137207,9.101340293884276,3.963192939758301,
2022-06-30,28.33357810974121,9.80087184906006,120.9144515991211,11.607548713684082,4.125617027282715,8.917322158813477,25.957406997680664,13.003829956054688,2.338888645172119,4.69128942489624,35.58001708984375,1.343472599983215,22.58366584777832,9.1992826461792,6.20612907409668,38.62068939208984,,7.534515857696533,24.98474502563477,171.507568359375,37.94105911254883,2.3619556427001953,4.042316913604736,9.280821800231934,0.2496999949216842,6.301272869110107,7.569141864776611,3.669820785522461,
2022-07-31,31.20083999633789,10.567556381225586,130.95848083496094,13.741081237792969,3.8798186779022217,9.222753524780272,27.884071350097656,12.457199096679688,2.478738784790039,4.71240234375,40.64611053466797,1.3046780824661257,23.312171936035156,8.811238288879395,6.282784461975098,45.92398834228515,,8.440107345581055,29.50316047668457,201.8542327880859,39.513179779052734,0.7487999796867371,4.086966514587402,10.957225799560549,0.2161999940872192,6.460311412811279,7.999160289764404,3.4573843479156494,
2022-08-31,25.233837127685547,9.579167366027832,126.46763610839844,12.726008415222168,3.857670307159424,9.295175552368164,27.708919525146484,12.504175186157228,2.2115800380706787,4.336592674255371,34.56288528442383,1.300451397895813,23.69784927368164,7.875720024108887,5.943093299865723,42.121368408203125,,7.818585395812988,29.179054260253903,189.12820434570312,37.237266540527344,0.647665798664093,3.951791763305664,10.51018524169922,0.2060000002384185,6.133753776550293,8.18118667602539,3.541173934936523,
2022-09-30,26.057207107543945,8.899406433105469,110.87045288085938,10.92143440246582,3.470301866531372,8.588275909423828,24.748865127563477,11.974626541137695,1.9338054656982424,4.033411026000977,32.68510437011719,1.2852052450180054,20.141029357910156,7.013498783111572,6.057326316833496,39.998313903808594,,7.952041149139404,28.235336303710938,187.65982055664065,34.449493408203125,0.589425802230835,3.459486484527588,9.65860366821289,0.1903000026941299,5.399431228637695,8.732277870178223,3.3803651332855225,
2022-10-31,24.35234832763672,8.881826400756836,127.77143096923828,11.63574504852295,3.7126638889312744,10.63796043395996,27.79649543762207,12.973934173583984,2.133732318878174,4.404154300689697,38.31844711303711,1.4559321403503418,22.155134201049805,7.842927932739258,6.893026828765869,41.2249641418457,,8.360033988952637,31.44779586791992,195.29544067382812,34.76026153564453,0.90965336561203,3.756538629531861,10.751020431518556,0.1981000006198883,5.795101642608643,10.477396965026855,3.6867477893829346,
2022-11-30,26.008773803710938,9.791105270385742,122.60454559326172,13.515510559082031,4.2179274559021,11.4967679977417,26.500377655029297,14.4686279296875,2.334543466567993,4.73351526260376,41.5654411315918,1.6016006469726562,21.983720779418945,7.39156436920166,6.924590110778809,46.28255081176758,,8.011143684387207,31.8386287689209,207.43409729003903,37.14585876464844,0.9475555419921876,4.061933994293213,11.720659255981444,0.2062000036239624,6.3151750564575195,10.874849319458008,4.14208984375,
2022-12-31,26.948383331298828,9.262727737426758,125.93645477294922,13.393324851989746,4.132484436035156,10.831599235534668,25.361892700195312,14.191041946411133,2.2283880710601807,4.383040904998779,41.23291778564453,1.622410774230957,21.898012161254883,7.773487567901611,7.289012432098389,46.70716094970703,,7.021666049957275,33.03972625732422,195.98068237304688,35.918617248535156,1.042311191558838,3.777398586273194,10.439351081848145,0.2162999957799911,6.04869270324707,11.081927299499512,3.857712745666504,
2023-01-31,24.478273391723633,9.598700523376465,115.16812133789062,13.421521186828612,4.429070949554443,11.524574279785156,24.22340965270996,15.28857421875,2.3274664878845215,4.530831336975098,46.72933578491211,1.8816217184066772,21.08380126953125,9.117934226989746,7.996495246887207,53.97272109985352,,7.683224201202393,35.651641845703125,224.0758056640625,37.197784423828125,1.2988444566726685,3.900057554244995,11.314544677734377,0.2639000117778778,6.357263088226318,14.932879447937012,4.062532424926758,
2023-02-28,26.522167205810547,10.347806930541992,110.24269104003906,14.690363883972168,4.528578758239746,10.896821022033691,23.873109817504883,15.980401992797852,2.231926441192627,4.547721862792969,50.807640075683594,1.9999061822891235,20.441003799438477,10.237663269042969,8.19446086883545,54.53886795043945,,7.294296264648437,34.6697883605957,240.13018798828125,37.20704650878906,1.4023821353912354,3.965981960296631,13.028726577758787,0.3091999888420105,6.248561859130859,16.15530014038086,4.23349666595459,
2023-03-31,30.939298629760746,10.98752498626709,93.73767852783205,11.306785583496094,4.792611122131348,10.521799087524414,24.48613739013672,15.698545455932615,2.3018124103546143,4.750406265258789,50.51424026489258,1.8484394550323489,22.155134201049805,10.435376167297363,7.519430160522461,59.95500946044922,,7.136056423187256,36.890869140625,244.04588317871097,36.11327362060547,1.278506636619568,4.173414707183838,13.171968460083008,0.3041999936103821,6.632523059844971,14.537095069885254,4.012596607208252,
2023-04-30,32.2373161315918,11.40749168395996,95.10906982421876,10.996624946594238,5.279792785644531,11.413074493408203,23.99571418762207,16.125600814819336,2.4982006549835205,5.007983207702637,49.36996078491211,1.8617124557495115,21.940868377685547,10.420909881591797,7.894265651702881,63.37077331542969,,7.155121326446533,35.337066650390625,246.9826507568359,38.68087387084961,1.2812800407409668,4.302313327789307,11.805659294128418,0.2669000029563904,6.890250205993652,14.97963809967041,4.31305456161499,
2023-05-31,31.268648147583008,11.986045837402344,92.90711212158205,9.77477741241455,4.9893574714660645,10.337027549743652,22.471899032592773,15.130563735961914,2.5866639614105225,4.492828369140625,49.076560974121094,1.6829192638397217,20.82668113708496,9.673458099365234,8.352670669555664,59.74742126464844,,6.985442161560059,33.5794563293457,262.86859130859375,37.6519775390625,1.0936177968978882,4.17426872253418,12.186020851135254,0.2477999925613403,6.865704536437988,15.754359245300291,3.949965953826904,
2023-06-30,32.815704345703125,12.457242012023926,93.13497161865234,10.53855800628662,5.253389835357666,11.12679386138916,24.49529457092285,16.937332153320312,2.407968044281006,4.829810619354248,50.0384407043457,1.9463855028152464,22.061159133911133,10.151988983154297,8.892205238342285,60.82477188110352,,6.846267223358154,37.07590866088867,295.30810546875,41.10129165649414,1.178666591644287,4.086343765258789,13.825489044189451,0.2578000128269195,6.842912197113037,18.70137596130371,4.4593071937561035,
2023-07-31,30.08024787902832,12.0056791305542,99.62709045410156,10.346774101257324,5.341967582702637,11.71934413909912,23.73265266418457,17.62864875793457,2.610570192337036,4.771941661834717,48.661598205566406,2.132103204727173,22.017126083374023,12.027103424072266,9.833352088928224,63.11026763916016,,7.505918502807617,35.10976028442383,287.32147216796875,44.10755920410156,1.3459910154342651,4.220155239105225,16.020036697387695,0.2623000144958496,6.91840124130249,20.22721290588379,4.618861675262451,
2023-08-31,29.347536087036133,11.848614692687988,95.24368286132812,10.528968811035156,5.461559772491455,12.05698299407959,22.97001075744629,17.401243209838867,2.584686279296875,4.674010276794434,45.976749420166016,2.004776954650879,21.840988159179688,13.003725051879885,9.79278564453125,60.15256881713867,,6.321977615356445,36.601322174072266,288.8990783691406,43.57206726074219,1.3783466815948486,4.2042694091796875,14.75864601135254,0.2865000069141388,6.857208728790283,19.844654083251953,4.689977169036865,
2023-09-30,27.4717960357666,10.960213661193848,84.36817932128906,8.347419738769531,5.118563175201416,12.877436637878418,20.73656463623047,17.615005493164062,2.3942551612854004,4.319675922393799,42.77067184448242,1.978825330734253,21.13644027709961,13.340660095214844,10.165998458862305,52.89278030395508,,5.517431735992432,36.94999694824219,275.78521728515625,42.003173828125,1.3358222246170044,3.926279067993164,15.647119522094728,0.296099990606308,6.414459228515625,19.989761352539062,4.669919013977051,
2023-10-31,26.025909423828125,10.23869514465332,82.49376678466797,8.44810676574707,5.266315460205078,13.229657173156738,21.063411712646484,17.051034927368164,2.453418254852295,4.271600246429443,38.748321533203125,1.992206573486328,21.00433921813965,13.902217864990234,9.143719673156738,46.9965934753418,,5.2200164794921875,34.17995834350586,281.5040588378906,40.96036911010742,1.327964425086975,3.821260929107666,15.122970581054688,0.2441000044345855,6.502648830413818,20.776865005493164,4.660801887512207,
2023-11-30,27.872344970703125,9.836215019226074,84.87583923339844,8.89880084991455,5.7042951583862305,13.006704330444336,23.896074295043945,17.287538528442383,2.680826425552368,4.553821563720703,41.99374008178711,2.1422407627105713,22.457469940185547,13.74107551574707,8.742109298706055,48.85955810546875,,6.815762996673584,34.21870040893555,325.9728088378906,41.49586486816406,1.3598576784133911,4.079835891723633,17.10098648071289,0.2666000127792358,6.6556315422058105,21.972909927368164,4.79573917388916,
2023-12-31,30.61756896972656,10.02763843536377,91.02626037597656,9.349494934082031,5.918888092041016,13.365835189819336,26.20215606689453,17.378501892089844,2.747384786605835,4.611690044403076,46.094764709472656,2.265380382537842,24.439010620117188,14.585854530334473,9.798938751220703,53.4881591796875,,7.05979585647583,39.875003814697266,300.9283447265625,46.45988845825195,1.3589333295822144,4.108076572418213,18.173341751098633,0.2942000031471252,6.903012752532959,21.603544235229492,4.7063889503479,
2024-01-31,29.66992950439453,9.237403869628906,83.50907135009766,8.774140357971191,5.576771259307861,12.900799751281738,24.69503402709961,18.820268630981445,3.0228629112243652,4.709621429443359,45.27849960327149,2.4534835815429688,24.30690574645996,15.826164245605469,10.756531715393066,55.024620056152344,,6.8100433349609375,39.70066833496094,319.1694030761719,48.80999755859375,1.2332088947296145,3.996880292892456,17.61052703857422,0.278899997472763,7.15339994430542,23.885698318481445,5.251607894897461,1.0
2024-02-29,30.177942276000977,9.20009994506836,91.16292572021484,8.136457443237305,5.346516132354736,12.40789794921875,22.879222869873047,19.93911361694336,2.954455614089966,4.491501331329346,43.134552001953125,2.5177557468414307,25.76003646850586,19.29317283630371,11.014514923095703,64.012939453125,,6.457339763641357,44.60150146484375,384.44281005859375,49.2476692199707,1.5539910793304443,3.9063987731933594,20.73823356628418,0.2781000137329101,6.619727611541748,27.183612823486328,6.776032447814941,1.0
2024-03-31,33.0208625793457,9.143163681030272,87.37505340576172,11.257749557495115,5.560994625091553,12.75623893737793,21.136043548583984,21.339942932128903,3.019165277481079,4.807553768157959,44.44255447387695,2.881964921951294,30.47170066833496,22.735767364501953,12.077051162719728,66.43286895751953,,5.599411487579346,46.867897033691406,398.3454895019531,48.7529182434082,2.0910933017730713,3.9561209678649902,22.637195587158203,0.2250999957323074,6.9998779296875,30.9344425201416,7.080552577972412,1.0
2024-04-30,30.705493927001953,9.247220039367676,92.68589782714844,11.344053268432615,5.617341041564941,13.402965545654297,22.97001075744629,20.830551147460938,3.133793830871582,4.629495620727539,40.400535583496094,3.0216500759124756,30.383634567260746,21.124338150024418,11.674772262573242,61.57380294799805,,5.221923351287842,49.57014083862305,381.7806396484375,47.62067031860352,2.000497817993164,3.8892219066619873,17.941341400146484,0.2229000031948089,6.875598430633545,30.41117477416992,7.676829338073731,1.0
2024-05-31,33.06970977783203,9.067933082580566,96.59092712402344,9.64675998687744,6.04902458190918,12.836243629455566,23.35133171081543,21.46729278564453,3.133793830871582,4.369531631469727,42.34778594970703,3.090207099914551,26.244413375854492,23.01898765563965,12.697956085205078,58.80816650390625,,5.805314540863037,58.95083999633789,374.48052978515625,46.05076217651367,2.1132800579071045,3.9317119121551514,18.54326438903809,0.2419999986886978,7.056535243988037,33.72209930419922,8.620476722717285,1.0
2024-06-30,32.750186920166016,8.721980094909668,91.885986328125,9.236591339111328,5.901797771453857,12.91076374053955,22.14640235900879,22.334341049194336,2.9526069164276123,4.363455295562744,41.08912658691406,3.099517345428467,27.534385681152344,21.17317008972168,12.386479377746582,55.7967529296875,,5.427825450897217,56.79003143310547,377.7550048828125,46.9134521484375,2.211271047592163,3.734629392623902,16.95515251159668,0.2234999984502792,6.595968246459961,32.07237243652344,8.822989463806152,1.0
2024-07-31,28.966768264770508,8.243576049804688,99.72582244873048,9.500773429870604,5.992678165435791,13.3101224899292,23.147903442382812,22.94808006286621,3.258650302886963,4.6820387840271,39.722129821777344,3.3491039276123047,28.884586334228516,21.766693115234375,13.567221641540527,53.86058807373047,2.9022200107574463,5.410667419433594,62.40813827514648,377.4573364257813,48.50292205810547,2.0310044288635254,4.156750679016113,14.140615463256836,0.2266999930143356,7.241510391235352,35.17720031738281,9.469502449035645,1.0
2024-08-31,28.700746536254883,8.247529029846191,102.68797302246094,10.136767387390137,6.4434123039245605,13.198589324951172,23.129005432128903,23.85909652709961,3.355059862136841,4.826159477233887,39.36552429199219,3.361605405807495,27.679052352905273,22.70619010925293,13.829608917236328,54.193058013916016,2.4361350536346436,6.018843173980713,62.270633697509766,443.7406005859375,51.05570602416992,1.876622200012207,4.2188615798950195,13.896431922912598,0.2391999959945678,7.403478622436523,34.644283294677734,9.10821533203125,1.0
2024-09-30,25.429670333862305,7.512131214141846,103.57662200927734,10.772762298583984,6.73535680770874,12.306331634521484,23.26128196716309,24.88519287109375,3.4533979892730713,5.148535251617432,41.48535919189453,3.426793098449707,27.38972282409668,19.79869079589844,13.865799903869627,55.75763702392578,3.0655901432037354,5.807220935821533,64.03856658935547,416.4533386230469,48.9364128112793,1.8290133476257324,4.301677227020264,11.390336990356444,0.2495000064373016,7.616298675537109,36.4840087890625,10.144536972045898,1.0
2024-10-31,25.321290969848633,6.106571674346924,98.73844146728516,9.78452491760254,6.542917728424072,12.8276948928833,19.500926971435547,24.501605987548828,3.3936238288879395,5.333427906036377,40.45515823364258,3.515643835067749,26.66640281677246,21.727134704589844,13.72555923461914,49.81224060058594,3.4115500450134277,5.530777454376221,63.66533660888672,436.3978271484375,50.188724517822266,2.018986701965332,4.157691955566406,11.562917709350586,0.2327000051736831,7.49953031539917,37.70276641845703,10.867109298706056,1.0
2024-11-30,23.67589950561523,5.6123528480529785,104.46527099609376,11.888197898864746,6.392721176147461,12.272913932800291,19.633201599121097,25.968826293945312,3.3839828968048096,5.380836009979248,43.644813537597656,3.238821506500244,25.65375518798828,25.18844413757324,12.490530967712402,45.323856353759766,3.5557000637054443,5.3420329093933105,61.30808639526367,408.51519775390625,49.65890121459961,2.2565689086914062,4.152045726776123,11.50783920288086,0.2273000031709671,7.540964603424072,33.72209930419922,10.8576021194458,1.0
2024-12-31,24.483816146850582,5.948421955108643,98.30398559570312,11.428325653076172,6.464064598083496,12.199995994567873,18.565563201904297,26.151029586791992,3.308783054351806,5.12957239151001,42.25800704956055,3.6067824363708496,24.930435180664062,25.643360137939453,13.235804557800291,49.851356506347656,3.440380096435547,5.109439373016357,60.56162643432617,409.2097778320313,49.321739196777344,2.3194310665130615,4.024999618530273,11.55741024017334,0.2466000020503997,7.285662174224853,36.53539276123047,11.43756103515625,1.0
2025-01-31,25.50849151611328,5.523393154144287,102.39175415039062,10.665131568908691,6.448105812072754,12.76852035522461,18.499425888061523,29.373157501220703,3.4090495109558105,5.461430072784424,45.2891731262207,3.914894819259643,25.894861221313477,29.925493240356445,14.8861665725708,59.92332458496094,3.4211599826812744,4.69000768661499,66.14044189453125,413.3772888183594,57.2658576965332,2.1900088787078857,4.202863693237305,11.898900032043455,0.265500009059906,7.614569187164307,42.125946044921875,12.473881721496582,1.0
2025-02-28,24.030593872070312,5.659797668457031,100.1701431274414,11.428325653076172,6.831721305847168,12.912050247192385,17.261722564697266,30.437610626220703,3.6076536178588863,5.869141101837158,36.11642837524414,4.419078826904297,26.28063201904297,38.13374328613281,16.127464294433594,64.65617370605469,3.277010202407837,4.823462963104248,56.02392578125,446.5189208984375,52.92827224731445,2.0356266498565674,4.494062900543213,11.346274375915527,0.2707000076770782,7.706357479095459,47.99626541137695,13.633801460266112,1.0
2025-03-31,18.399808883666992,5.351405143737793,90.34567260742188,8.97240924835205,7.255619525909424,13.325862884521484,16.56256103515625,31.05135154724121,3.8563907146453857,6.291074752807617,32.5107307434082,4.420012950897217,22.664031982421875,44.334434509277344,16.235607147216797,55.3469352722168,3.104030132293701,4.682381629943848,49.46291732788086,389.1660461425781,50.97879409790039,1.9792355298995972,4.635197162628174,9.420345306396484,0.3107999861240387,7.997019290924072,48.868751525878906,13.995087623596191,1.0
2025-04-30,16.55736541748047,5.8159708976745605,99.2321319580078,8.644627571105957,7.397886276245117,12.045992851257324,17.016071319580078,30.821197509765625,4.016430854797363,6.8647141456604,29.796550750732425,4.371461391448975,23.676679611206055,45.29370880126953,16.91267967224121,52.84361267089844,2.40250015258789,4.903536319732666,47.08602523803711,398.4933471679687,50.540164947509766,1.886790990829468,4.8913655281066895,7.472384929656982,0.3479999899864197,8.383293151855469,48.33767318725586,14.974363327026367,1.0
2025-05-31,19.931894302368164,5.74399995803833,90.20743560791016,10.50857925415039,7.824687480926514,12.303985595703123,17.573511123657227,30.73488998413086,4.215035438537598,6.437281131744385,34.01640701293945,4.584339141845703,25.750198364257812,53.62063217163086,19.672683715820312,53.84103012084961,2.5754802227020264,5.048430919647217,56.599998474121094,421.3999938964844,51.466163635253906,2.0180623531341553,5.0904998779296875,8.96500015258789,0.3763999938964844,8.564955711364746,55.27473449707031,16.38147735595703,1.0
2025-06-30,19.93000030517578,5.710000038146973,90.86000061035156,11.130000114440918,7.796620845794678,13.299683570861816,18.559999465942383,30.209999084472656,3.954728841781616,7.199999809265137,35.34000015258789,4.729581832885742,26.0,47.2518196105957,19.06678581237793,48.38999938964844,2.5947000980377197,5.073999881744385,60.040000915527344,416.1000061035156,52.73710632324219,2.325000047683716,4.970633029937744,8.508999824523926,0.4185999929904938,8.343135833740234,55.61677932739258,16.825000762939453,1.0
2025-07-31,14.765000343322754,6.059999942779541,85.69999694824219,11.670000076293944,7.484020233154297,14.411211967468262,18.979999542236328,32.720001220703125,3.746000051498413,7.244999885559082,35.959999084472656,5.119725227355957,28.25,47.27000045776367,18.68515968322754,46.939998626708984,2.719630002975464,5.010000228881836,70.37999725341797,385.2999877929687,49.77434539794922,2.3440001010894775,5.073999881744385,7.763000011444092,0.4036999940872192,8.342205047607422,63.161346435546875,17.614999771118164,1.0
2025-08-31,15.5649995803833,6.427999973297119,86.18000030517578,11.800000190734863,7.883999824523926,14.732104301452637,20.65999984741211,33.36000061035156,3.674000024795532,7.684999942779541,40.599998474121094,5.197076797485352,28.549999237060547,48.72999954223633,19.99911117553711,49.66999816894531,3.0199999809265137,5.421999931335449,74.72000122070312,406.7000122070313,52.09517288208008,2.4000000953674316,5.203999996185303,8.184000015258789,0.4095999896526336,8.484333992004395,64.539306640625,17.850000381469727,1.0
2025-09-30,13.854999542236328,5.369999885559082,75.5199966430664,11.359999656677246,8.065999984741211,14.36868381500244,21.0,33.40999984741211,3.8299999237060542,7.835000038146973,38.97999954223633,5.428165435791016,30.549999237060547,54.02000045776367,16.65143394470215,49.869998931884766,2.609999895095825,4.815999984741211,84.18000030517578,411.6000061035156,51.05820846557617,2.4570000171661377,5.118000030517578,7.863999843597412,0.4453000128269195,8.525788307189941,63.00498580932617,18.260000228881836,1.0
2025-10-31,14.800000190734863,6.033999919891357,76.69999694824219,11.350000381469728,8.772000312805176,15.686455726623535,22.36000061035156,33.349998474121094,3.890000104904175,9.09000015258789,44.70000076293945,5.39142370223999,32.599998474121094,50.880001068115234,15.97513484954834,52.0,2.430000066757202,4.565999984741211,89.81999969482422,346.5,50.86069107055664,2.25600004196167,5.3480000495910645,8.777999877929688,0.5112000107765198,8.770566940307617,62.574981689453125,18.96500015258789,1.0
2025-11-30,13.239999771118164,5.866000175476074,61.779998779296875,12.699999809265137,8.907999992370605,15.871417999267578,21.920000076293945,34.18000030517578,4.124000072479248,9.725000381469728,43.79999923706055,5.401092529296875,28.149999618530273,46.90999984741211,16.158702850341797,58.119998931884766,2.1500000953674316,4.019000053405762,86.30000305175781,337.79998779296875,50.26813888549805,2.3469998836517334,5.734000205993652,9.192999839782717,0.4848000109195709,8.969943046569824,62.63361740112305,19.7549991607666,1.0
