Date,AAL.L,ABF.L,ADM.L,ANTO.L,AV.L,BA.L,BAB.L,BARC.L,BLND.L,BP.L,BRBY.L,BT-A.L,BTRW.L,CCH.L,CPG.L,CRDA.L,DCC.L,DGE.L,DPLM.L,ENT.L,EXPN.L,FRES.L,GSK.L,HSBA.L,III.L,IMB.L,INF.L,ITRK.L,ITV.L,JD.L,LAND.L,LLOY.L,MKS.L,NG.L,NXT.L,OCDO.L,PHNX.L,PRU.L,PSH.L,PSN.L,PSON.L,REL.L,RIO.L,RKT.L,RR.L,RS1.L,RTO.L,SBRY.L,SDR.L,SGE.L,SHEL.L,SMIN.L,SN.L,SPX.L,SSE.L,STAN.L,STJ.L,SVT.L,TATE.L,TPK.L,TSCO.L,UU.L,VOD.L,WEIR.L,WPP.L,WTB.L
2020-12-31,2360.97412109375,2261.215576171875,2896.57666015625,1438.2462158203125,319.4292907714844,488.0871887207031,279.8473815917969,146.43052673339844,487.77496337890625,254.15834045410156,1787.1148681640625,131.96429443359375,668.103271484375,2373.336181640625,1362.0418701171875,6588.6611328125,5168.80712890625,2874.06591796875,2190.47119140625,1132.67724609375,2775.077392578125,1127.890625,1348.63330078125,377.7178649902344,1156.201171875,1529.9166259765625,548.6162109375,5640.7607421875,106.51123809814452,171.9464111328125,671.841064453125,36.356964111328125,136.26805114746094,862.927490234375,7076.80908203125,2287.0,697.5870361328125,1305.54296875,2563.230712890625,2757.790771484375,679.5836791992188,1790.706298828125,5448.06982421875,6530.67431640625,111.2361831665039,869.282958984375,509.169677734375,224.87564086914065,565.968017578125,581.3624877929688,1295.227783203125,1502.61669921875,1508.0718994140625,11285.697265625,1496.6324462890625,465.2042846679687,1131.4178466796875,2283.876708984375,784.5931396484375,1272.9398193359375,291.903076171875,893.0178833007812,120.46597290039062,1987.9281005859375,798.185791015625,3096.491455078125
2021-01-31,2350.748779296875,2114.396728515625,2872.655029296875,1427.7628173828125,329.3209533691406,461.4261169433594,232.9561767578125,133.31288146972656,447.5758972167969,270.8162536621094,1716.20947265625,125.32867431640624,636.99169921875,2159.666015625,1309.578857421875,6279.005859375,5506.20703125,2944.968994140625,2316.383544921875,1240.09912109375,2554.23046875,986.1925659179688,1363.7073974609375,381.606201171875,1109.948974609375,1464.6546630859375,499.250732421875,5510.92724609375,105.6136703491211,149.35342407226562,612.9127807617188,32.924800872802734,141.51681518554688,847.9634399414062,7719.97314453125,2777.0,671.8980102539062,1136.4136962890625,2403.340576171875,2542.51025390625,811.6249389648438,1810.6864013671875,5566.59228515625,6187.2685546875,91.68860626220705,876.2732543945312,497.1798400878906,243.72332763671875,579.5364379882812,589.1538696289062,1335.3480224609375,1416.724365234375,1539.53173828125,11070.873046875,1480.6683349609375,443.33697509765625,1171.3443603515625,2307.216796875,801.34619140625,1275.3021240234375,301.9947509765625,920.2966918945312,124.3885269165039,1893.502685546875,764.063232421875,2783.845703125
2021-02-28,2699.85546875,2365.088134765625,3077.98681640625,1779.711181640625,355.5527038574219,483.1943359375,259.65118408203125,159.3285369873047,488.4573974609375,291.0152282714844,1813.080078125,123.2831039428711,662.5191040039062,2234.550537109375,1453.977294921875,6161.13720703125,5759.75634765625,2808.65576171875,2316.383544921875,1411.974365234375,2271.51025390625,908.7032470703124,1196.6859130859375,424.9263610839844,1105.45556640625,1328.1533203125,550.4149780273438,5349.13427734375,109.552978515625,166.02825927734375,663.0665893554688,38.91114044189453,141.86672973632812,804.4678955078125,7550.1943359375,2200.0,706.946533203125,1365.150146484375,2458.302490234375,2581.3798828125,750.098876953125,1690.806396484375,6162.19482421875,5989.6123046875,107.68661499023438,968.7075805664062,466.3059997558594,225.5736846923828,594.122314453125,558.0997924804688,1441.936767578125,1462.16748046875,1383.73095703125,10701.177734375,1321.7310791015625,461.4099731445313,1171.8436279296875,2185.469482421875,845.787841796875,1358.4637451171875,223.8770294189453,857.4266967773438,121.57872772216795,1980.4339599609375,851.8635864257812,3391.15771484375
2021-03-31,2768.021484375,2412.02978515625,3090.944580078125,1687.3558349609375,401.0406799316406,504.2635803222656,228.55702209472656,185.61502075195312,503.6218566894531,293.9473876953125,1895.9696044921875,154.465576171875,744.6859741210938,2306.439697265625,1460.472900390625,6340.93701171875,6278.8330078125,2985.697509765625,2546.222900390625,1516.8980712890625,2495.363525390625,862.968505859375,1294.65576171875,421.9353942871094,1151.8907470703125,1487.0494384765625,559.4086303710938,5594.81884765625,119.82512664794922,164.86862182617188,688.1542358398438,42.43806838989258,150.81463623046875,861.9299926757812,7855.7958984375,2035.0,731.0426025390625,1493.0875244140625,2563.32470703125,2930.215087890625,770.6741333007812,1817.1798095703125,5527.74853515625,6486.74951171875,105.28692626953124,991.6769409179688,483.9909362792969,241.82859802246097,593.6134033203125,612.2514038085938,1411.115478515625,1535.575439453125,1376.240478515625,11390.609375,1451.9580078125,498.7540893554687,1271.6597900390625,2301.2294921875,892.556396484375,1456.7457275390625,228.39385986328125,923.8893432617188,131.40309143066406,1775.595947265625,918.5121459960938,3422.12255859375
2021-04-30,2990.1806640625,2305.161376953125,3118.853759765625,1862.581298828125,393.27923583984375,505.4618225097656,288.0458068847656,175.212158203125,517.1902465820312,302.2774353027344,2058.253173828125,164.59365844726562,769.8146362304688,2498.1435546875,1571.3946533203125,6756.474609375,6272.84423828125,3246.8642578125,2865.999755859375,1690.272216796875,2790.17041015625,822.4263916015625,1346.5225830078125,451.55615234375,1280.2115478515625,1502.498046875,561.8070068359375,6130.1318359375,120.67283630371094,183.62274169921875,718.7676391601562,45.33147048950195,157.96295166015625,908.4182739257812,7791.88037109375,2097.0,708.3405151367188,1487.3480224609375,2708.229736328125,3122.833251953125,829.1465454101562,1877.619384765625,6054.3466796875,6439.83154296875,104.60700988769533,1064.57958984375,499.9774475097656,237.04185485839844,612.067138671875,637.4287719726562,1362.4080810546875,1623.46533203125,1568.4947509765625,11805.267578125,1464.930908203125,518.91796875,1359.1192626953125,2471.8759765625,930.7156982421876,1534.737060546875,220.5594940185547,966.2017822265624,136.30528259277344,1915.4854736328125,973.387451171875,3240.32861328125
2021-05-31,3053.491455078125,2318.14599609375,2929.469970703125,1542.375244140625,404.1227111816406,525.9749145507812,299.0437927246094,182.79966735839844,508.8097534179687,305.41998291015625,2133.15283203125,174.47227478027344,754.3311157226562,2565.040283203125,1607.3695068359375,6980.2255859375,5977.369140625,3399.670166015625,2883.986572265625,1648.302734375,2701.229248046875,896.4808959960938,1351.1463623046875,454.0492858886719,1241.2657470703125,1594.69091796875,543.6196899414062,5421.0419921875,128.05284118652344,188.98109436035156,701.2171630859375,49.78279495239258,165.36122131347656,936.9496459960938,8147.41845703125,1889.0,732.6770629882812,1454.8773193359375,2633.278564453125,3150.75146484375,817.3587646484375,1837.478271484375,6042.3896484375,6356.97509765625,107.00670623779295,988.6808471679688,473.4509582519531,264.86468505859375,603.4154663085938,656.0121459960938,1343.0447998046875,1547.6741943359375,1538.718505859375,12690.41796875,1538.776123046875,507.133544921875,1395.45166015625,2447.92578125,891.1602172851562,1639.5826416015625,222.80503845214844,981.5700073242188,127.83604431152344,1918.48291015625,971.7910766601562,3178.398681640625
2021-06-30,2810.769775390625,2213.2744140625,3134.672119140625,1433.525146484375,398.9138793945313,521.3804321289062,289.9454650878906,170.8393096923828,493.7449951171875,314.2855529785156,2063.246337890625,193.5809326171875,693.2984619140625,2609.970947265625,1520.93017578125,7360.3544921875,5908.52099609375,3456.59765625,2902.0947265625,1744.2327880859375,2784.17431640625,770.6380004882812,1426.9810791015625,416.1536254882813,1171.3636474609375,1552.0289306640625,501.2493591308594,5523.6103515625,125.21053314208984,183.7427215576172,673.4957275390625,46.58966827392578,146.41566467285156,918.59375,7845.810546875,2003.0,673.7122802734375,1331.29541015625,2643.34521484375,2949.3427734375,829.1465454101562,1917.412109375,5927.798828125,6386.9287109375,98.90771484375,1027.62890625,494.6354064941406,271.04742431640625,595.9512329101562,683.64892578125,1444.1781005859375,1588.12646484375,1560.6929931640625,13604.728515625,1497.36279296875,460.39495849609375,1474.8350830078125,2496.4287109375,859.0504760742188,1686.5135498046875,222.5627288818359,972.388916015625,120.90118408203124,1849.5374755859375,971.9906616210938,3118.466552734375
2021-07-31,3121.935791015625,2004.5845947265625,3389.912109375,1492.4439697265625,380.6340637207031,575.31640625,255.8518524169922,174.2137451171875,509.4736022949219,288.5440673828125,2061.248779296875,173.2249755859375,701.6754150390625,2714.80908203125,1519.9307861328125,8411.2626953125,6016.34765625,3565.9580078125,2956.05908203125,1815.181396484375,3166.1904296875,817.1799926757812,1425.37255859375,396.3581848144531,1277.927978515625,1537.0767822265625,494.6539611816406,5150.0439453125,111.89663696289062,179.34693908691406,707.6898803710938,45.53693008422851,135.46824645996094,922.1696166992188,7871.7763671875,1855.0,676.7003173828125,1314.8177490234375,2528.416748046875,2895.500732421875,868.5059814453125,2112.25048828125,6079.25732421875,5514.3046875,99.6976089477539,1015.7410278320312,566.3825073242188,282.5953674316406,620.3795166015625,701.0347900390625,1440.5843505859375,1553.6668701171875,1460.3094482421875,14998.6767578125,1442.47802734375,431.4330139160156,1584.6739501953125,2794.8818359375,860.2274780273438,1699.99365234375,232.5953063964844,1071.087890625,115.79383850097656,1726.6346435546875,928.0202026367188,3042.552490234375
2021-08-31,3003.04736328125,1977.6171875,3600.286376953125,1453.9969482421875,397.1448974609375,567.7254638671875,363.03173828125,184.59669494628903,529.0303955078125,296.2764587402344,1857.4034423828125,169.4331817626953,736.9786376953125,2625.583251953125,1499.4454345703125,9138.505859375,6170.10205078125,3489.555419921875,3063.988037109375,1931.5968017578125,3202.169921875,852.935302734375,1469.8087158203125,385.13909912109375,1335.85693359375,1536.5782470703125,530.6287841796875,5263.91162109375,115.48689270019533,201.84030151367188,707.091552734375,43.680931091308594,179.4579315185547,939.333740234375,7899.74072265625,2013.0,620.9227905273438,1468.447509765625,2618.36083984375,2932.46630859375,766.8106689453125,2180.1943359375,5362.8193359375,5530.2802734375,114.84573364257812,1062.682861328125,579.972412109375,303.24395751953125,641.2454833984375,741.6021728515625,1429.00537109375,1440.80029296875,1393.3868408203125,16097.8486328125,1629.6884765625,454.203125,1607.64013671875,2756.95166015625,821.1261596679688,1798.847900390625,254.7068328857422,1055.615478515625,121.55461120605467,1750.115966796875,981.5059814453124,3204.369384765625
2021-09-30,2567.814208984375,1857.7618408203125,3098.778564453125,1360.1263427734375,389.1539611816406,564.5291137695312,371.7300720214844,189.309326171875,494.1075134277344,339.5711669921875,1812.9537353515625,159.45480346679688,658.5936889648438,2395.882568359375,1522.9288330078125,8535.134765625,6188.072265625,3601.868896484375,2840.135009765625,2128.45361328125,3107.22412109375,780.496337890625,1411.3145751953125,389.0276489257813,1279.9256591796875,1553.730224609375,549.0159301757812,4971.24951171875,106.31177520751952,209.63796997070312,695.1914672851562,46.47650909423828,183.4569854736328,882.7522583007812,8202.46484375,1662.5,643.2667846679688,1453.939453125,2653.43994140625,2661.16357421875,711.1242065429688,2145.364501953125,4899.234375,5821.57275390625,140.12258911132812,1076.66552734375,583.1914672851562,284.690185546875,609.9224853515625,709.0283203125,1652.1932373046875,1439.3018798828125,1285.5118408203125,14958.705078125,1568.2943115234375,435.4557800292969,1504.8990478515625,2599.240234375,805.0667114257812,1532.7401123046875,252.8600311279297,966.67431640625,112.92340850830078,1690.1634521484375,998.3700561523438,3312.2470703125
2021-10-31,2724.47802734375,1785.8482666015625,2862.75537109375,1423.708251953125,387.9743957519531,551.1451416015625,319.2399597167969,201.9398956298828,493.2095031738281,349.45001220703125,1926.8250732421875,138.59994506835938,661.4026489257812,2529.7080078125,1548.9105224609375,9448.634765625,6096.22021484375,3627.83935546875,3002.02880859375,2046.5133056640625,3345.08837890625,862.2017211914062,1516.891845703125,440.3427429199219,1362.324462890625,1537.2803955078125,519.0369262695312,4889.65625,107.35894012451172,217.53564453125,685.2172241210938,50.119178771972656,183.5569610595703,933.4461669921876,7956.74951171875,1803.0,654.22705078125,1493.4107666015625,2938.2734375,2714.027587890625,601.8280639648438,2262.275634765625,4547.25927734375,5916.43505859375,131.82362365722656,1123.6072998046875,587.9880981445312,298.65533447265625,614.1640014648438,710.2273559570312,1678.14892578125,1353.9027099609375,1253.64892578125,15593.228515625,1640.669677734375,494.2822570800781,1577.2979736328125,2732.995361328125,754.3282470703125,1541.1793212890625,269.4311828613281,1036.6494140625,107.68089294433594,1733.629150390625,1053.7520751953125,3266.29931640625
2021-11-30,2714.19677734375,1920.68603515625,2949.535888671875,1378.2655029296875,378.4396667480469,547.6402587890625,295.9443359375,183.9375762939453,507.6775207519531,324.7530212402344,1755.5186767578125,158.2573699951172,695.7197875976562,2318.982421875,1461.4720458984375,10104.9814453125,5529.1298828125,3795.147705078125,3203.896240234375,1667.7884521484375,3378.069091796875,906.9498291015624,1533.3817138671875,418.2508239746094,1385.2957763671875,1537.2803955078125,466.6735534667969,5334.16943359375,109.6527099609375,222.8340759277344,725.1136474609375,46.7060432434082,236.14463806152344,1004.497314453125,7852.8701171875,1795.5,637.8864135742188,1275.0701904296875,2928.27880859375,2729.98681640625,592.6367797851562,2335.2197265625,4598.6103515625,6101.1669921875,122.48478698730467,1206.5045166015625,613.1704711914062,275.9120788574219,582.94677734375,771.17822265625,1574.3255615234375,1440.5587158203125,1216.189208984375,15618.6142578125,1549.3270263671875,415.6805114746094,1546.341064453125,2880.724609375,732.4501953125,1448.2891845703125,276.3021240234375,1082.5675048828125,108.9765625,1666.3001708984375,1039.914306640625,2799.827880859375
2021-12-31,2953.108642578125,2005.58349609375,3149.031005859375,1336.8177490234375,403.40679931640625,549.2387084960938,318.5400695800781,186.7133026123047,529.9310913085938,329.8311462402344,1815.450927734375,169.1837158203125,746.1978149414062,2551.679443359375,1649.839599609375,10109.978515625,6040.87451171875,4031.37646484375,3371.7861328125,1681.7784423828125,3629.92529296875,891.7674560546875,1615.6746826171875,447.4739990234375,1447.2197265625,1612.0360107421875,516.2388305664062,5623.85400390625,110.25109100341795,217.735595703125,774.4735107421875,47.70403289794922,231.3457489013672,1057.586181640625,8140.5361328125,1678.0,650.8394775390625,1273.571044921875,3013.329345703125,2848.681396484375,612.6177368164062,2400.17041015625,4877.79638671875,6332.83203125,122.86473846435548,1204.5697021484375,583.59130859375,275.1440734863281,603.9845581054688,851.9131469726562,1619.223388671875,1577.9212646484375,1292.107421875,16038.3076171875,1646.1600341796875,447.8403015136719,1681.1529541015625,2941.61328125,769.7950439453125,1552.665771484375,289.43084716796875,1087.0592041015625,111.9220199584961,1710.2684326171875,1117.25927734375,2991.6103515625
2022-01-31,3160.687744140625,1939.015869140625,3136.063720703125,1330.824951171875,426.80126953125,576.6107177734375,301.84320068359375,196.91763305664065,549.0925903320312,382.0252380371094,1865.5196533203125,195.1540679931641,610.1264038085938,2437.82763671875,1667.826904296875,7964.10498046875,6196.63818359375,3718.7353515625,2750.194580078125,1589.844970703125,3079.239990234375,624.0774536132812,1652.280517578125,526.2171630859375,1368.500732421875,1746.6630859375,554.6119995117188,5338.166015625,111.84676361083984,187.9944000244141,788.2392578125,50.947513580322266,217.7489318847656,1077.5140380859375,7489.2939453125,1504.0,657.8140869140625,1234.599365234375,2768.46533203125,2387.86572265625,614.6159057617188,2268.27099609375,5169.9462890625,6002.31005859375,114.48577880859376,1109.6826171875,517.8372192382812,290.0086364746094,573.1066284179688,720.2192993164062,1883.6025390625,1548.9503173828125,1252.150390625,13245.34375,1579.774658203125,536.1298828125,1515.8837890625,2868.156494140625,822.169921875,1485.7447509765625,296.51934814453125,1065.7359619140625,129.62855529785156,1727.7557373046875,1149.1951904296875,3018.580078125
2022-02-28,3743.281005859375,1918.0372314453125,2969.485107421875,1519.0882568359375,412.6467590332031,718.865234375,330.9377746582031,182.599609375,528.5338745117188,362.814208984375,1937.94287109375,185.8728790283203,609.5280151367188,1901.525634765625,1692.9478759765625,7476.587890625,5851.1611328125,3720.73291015625,2672.524658203125,1682.777587890625,2931.42041015625,717.7688598632812,1554.129150390625,513.251220703125,1334.03857421875,1634.4737548828125,593.9844970703125,5378.1220703125,110.35082244873048,150.95535278320312,792.229248046875,48.3377685546875,174.75904846191406,1128.615234375,6855.40234375,1373.0,616.3643798828125,1135.671630859375,2708.498291015625,2406.81689453125,647.3846435546875,2279.262451171875,5774.1865234375,6311.8623046875,103.48714447021484,988.3265380859376,507.4445495605469,275.0442810058594,519.8339233398438,702.3333740234375,1968.866943359375,1527.4718017578125,1335.5604248046875,11936.2998046875,1701.8341064453125,532.135009765625,1401.5433349609375,2871.151611328125,876.639892578125,1459.775634765625,289.28106689453125,1072.724365234375,131.04428100585938,1581.3612060546875,1055.3831787109375,2920.6904296875
2022-03-31,3889.6630859375,1660.3009033203125,2556.530517578125,1670.897216796875,444.3963623046875,716.66748046875,324.43896484375,148.07264709472656,529.3323364257812,374.6289367675781,1672.2249755859375,181.83108520507812,521.1414184570312,1597.42138671875,1648.9754638671875,7872.19580078125,5917.06103515625,3859.38232421875,2632.546630859375,1642.30712890625,2949.4111328125,733.151123046875,1656.8046875,524.0228881835938,1386.98046875,1606.48388671875,601.3792724609375,5218.296875,81.6985092163086,148.20616149902344,783.6504516601562,46.96053314208984,154.66372680664062,1170.134765625,6026.2001953125,1171.0,611.781005859375,1133.1734619140625,3008.414306640625,2145.48828125,749.8872680664062,2381.1845703125,6063.34521484375,5823.56884765625,101.08744049072266,1082.7144775390625,525.6318359375,252.0989990234375,548.1668701171875,700.7345581054688,2105.340576171875,1451.0482177734375,1218.6866455078125,12525.869140625,1745.7652587890625,509.6429748535156,1446.4805908203125,3072.81103515625,852.1982421875,1235.5406494140625,275.5533447265625,1122.6417236328125,124.46414184570312,1639.819091796875,1000.9923095703124,2853.7666015625
2022-04-30,3512.630615234375,1604.8577880859375,2517.62890625,1549.0504150390625,425.9166870117187,739.2445068359375,306.3424072265625,148.0062255859375,516.7576904296875,390.7978515625,1589.31298828125,176.99090576171875,493.30859375,1635.371826171875,1700.943115234375,7796.27099609375,6068.83203125,4014.21728515625,2756.478271484375,1517.3978271484375,2790.496337890625,774.5032958984375,1807.4781494140625,500.12738037109375,1323.5499267578125,1661.8455810546875,574.1983032226562,5002.53271484375,74.09910583496094,133.36056518554688,750.8187255859375,45.78789520263672,137.71771240234375,1191.693115234375,6020.2060546875,924.0,607.0365600585938,1009.3510131835938,2758.545654296875,2095.740966796875,785.1968994140625,2391.17724609375,5692.88134765625,6230.9794921875,83.27965545654297,1053.748779296875,549.6149291992188,232.74514770507812,481.9562377929687,736.9105834960938,2169.743408203125,1476.023193359375,1301.79052734375,12141.1494140625,1865.57763671875,551.1975708007812,1296.1905517578125,3140.696533203125,904.3405151367188,1227.2978515625,271.559814453125,1149.097900390625,121.174072265625,1557.878173828125,1002.98828125,2813.811767578125
2022-05-31,3807.472412109375,1728.2315673828125,2217.388916015625,1476.49853515625,427.88665771484375,755.3782348632812,337.53656005859375,168.8389434814453,524.5419921875,433.4158325195313,1711.1837158203125,186.870849609375,503.6901550292969,1745.22900390625,1776.3961181640625,6903.15673828125,5601.5380859375,3671.083251953125,2598.565673828125,1460.93896484375,2654.569580078125,773.4913940429688,1742.7027587890625,531.7532348632812,1268.1107177734375,1786.034912109375,544.6190185546875,4629.939453125,70.11921691894531,122.61373901367188,764.9851684570312,44.81307220458984,149.8148956298828,1168.7373046875,6471.77197265625,930.7999877929688,635.5442504882812,1036.8333740234375,2548.656494140625,2172.58447265625,753.8209838867188,2274.600341796875,5736.77978515625,6130.1328125,86.67923736572266,967.3514404296876,505.8865051269531,227.8567657470703,502.66009521484375,656.1641235351562,2372.938720703125,1553.5855712890625,1291.7998046875,10558.1220703125,1769.228515625,629.1123046875,1292.5933837890625,2910.085693359375,742.7266235351562,1204.8201904296875,258.58087158203125,1056.251708984375,130.18687438964844,1587.4771728515625,918.7572021484376,2719.91845703125
2022-06-30,2876.9091796875,1576.3870849609375,2239.395751953125,1154.2171630859375,400.3490905761719,829.5172729492188,308.741943359375,152.91981506347656,446.1999816894531,387.5942687988281,1639.2601318359375,185.9227752685547,456.3944091796875,1819.632080078125,1678.9566650390625,6466.0771484375,5091.37939453125,3526.7373046875,2226.903564453125,1244.09619140625,2404.7041015625,766.0982666015625,1776.0694580078125,534.3469848632812,1107.286865234375,1831.633056640625,528.4303588867188,4202.0498046875,65.11071014404297,115.3658676147461,662.4284057617188,42.23749923706055,135.46824645996094,1049.96728515625,5854.36669921875,781.2000122070312,588.4965209960938,1015.3472290039062,2448.80322265625,1859.2215576171875,749.2244873046875,2224.631591796875,4905.19580078125,6162.091796875,82.93968963623047,867.9694213867188,474.30609130859375,203.51483154296875,453.4461975097656,634.4386596679688,2130.981689453125,1398.22705078125,1146.434814453125,9871.56640625,1613.472412109375,617.9246826171875,1101.3013916015625,2714.416259765625,748.4984130859375,966.6533813476562,255.16036987304688,1018.314453125,126.2786636352539,1362.1224365234375,822.9493408203125,2475.52099609375
2022-07-31,2889.643798828125,1670.426025390625,1914.0645751953125,1157.7147216796875,395.0616760253906,769.3668212890625,342.3356018066406,156.9744873046875,491.1223449707031,399.27301025390625,1794.4705810546875,161.472412109375,499.8985290527344,2009.38525390625,1913.4117431640625,7475.15283203125,5343.052734375,3877.86279296875,2746.6474609375,1201.6270751953125,2861.825439453125,736.7251586914062,1725.15087890625,512.4983520507812,1268.41796875,1794.72119140625,593.78466796875,4371.890625,73.37177276611328,129.5116729736328,729.5967407226562,45.16746139526367,141.41685485839844,1129.61328125,6799.45654296875,839.4000244140625,641.7241821289062,1005.3536376953124,2658.70068359375,1881.12158203125,756.0192260742188,2424.508544921875,4913.17822265625,6637.482421875,89.2589111328125,1031.910888671875,540.8648681640625,220.5725555419922,504.0176696777344,703.9989624023438,2175.91845703125,1541.096923828125,1046.52783203125,11927.228515625,1765.2347412109375,563.5841064453125,1226.16552734375,2945.64599609375,801.9657592773438,1051.9697265625,262.25091552734375,1088.5091552734375,120.47122955322266,1668.9248046875,882.2117309570312,2595.400634765625
2022-08-31,2726.06005859375,1523.564208984375,2117.64599609375,1100.2537841796875,417.7078552246094,775.5616455078125,328.9381408691406,164.28492736816406,430.0315551757813,440.6975708007813,1746.51123046875,150.39486694335938,426.3605346679687,1968.2003173828125,1857.9432373046875,6719.84423828125,4956.5546875,3759.98828125,2510.763671875,1272.075927734375,2621.924072265625,687.9698486328125,1377.444580078125,527.5630493164062,1214.4638671875,1891.9891357421875,546.4176635742188,3955.282958984375,64.15290832519531,112.91992950439452,649.1734008789062,43.8047981262207,121.87142944335938,1076.2025146484375,5807.61376953125,726.0,600.4577026367188,903.0194091796876,2788.636962890625,1473.7451171875,862.1377563476562,2260.609375,4760.03076171875,6639.4794921875,76.99044036865234,1084.85498046875,520.6773681640625,203.0066070556641,456.1614074707031,714.7929077148438,2286.76171875,1489.6439208984375,1014.5574340820312,10528.140625,1650.473876953125,597.546875,1105.796630859375,2782.88671875,763.40576171875,848.1693115234375,248.369384765625,1055.0550537109375,115.36515808105467,1456.5616455078125,743.0621948242188,2501.494873046875
2022-09-30,2680.6611328125,1260.312255859375,1910.57177734375,1114.743896484375,387.3670959472656,789.1504516601562,278.547607421875,144.1304473876953,350.074462890625,432.3658752441406,1806.460205078125,121.14471435546876,341.44769287109375,1892.269775390625,1803.9739990234375,6440.1005859375,4682.91064453125,3793.90869140625,2322.856201171875,1085.2784423828125,2659.907958984375,768.5253295898438,1304.0986328125,466.2743225097656,1092.068359375,1850.793701171875,518.86328125,3703.519287109375,57.148963928222656,100.17333221435548,520.7230834960938,41.3262825012207,98.65686798095705,929.4474487304688,4797.37646484375,472.5,525.308837890625,893.2725219726562,2698.786865234375,1235.6094970703125,866.1989135742188,2200.788330078125,4886.908203125,5968.98046875,69.58135223388672,967.978271484375,477.2253112792969,173.962890625,388.6677551269531,696.8031005859375,2243.545654296875,1508.6265869140625,1049.5247802734375,10393.228515625,1525.6270751953125,566.2186889648438,1035.01318359375,2351.524169921875,679.2933349609375,775.6404418945312,206.5251007080078,887.5844116210938,100.84479522705078,1405.594482421875,748.6521606445312,2299.69677734375
2022-10-31,2556.206787109375,1348.2294921875,2013.85791015625,1174.7879638671875,417.2029418945313,813.7302856445312,275.54815673828125,147.58636474609375,365.2472839355469,478.9867248535156,1813.454345703125,129.5804443359375,375.63336181640625,1900.7620849609375,1835.4560546875,6754.28564453125,4833.71484375,3594.59716796875,2484.7763671875,1262.1607666015625,2772.86181640625,728.3605346679688,1426.9383544921875,446.3182067871094,1159.510986328125,2119.18359375,555.2395629882812,3650.884033203125,66.84673309326172,97.41405487060548,569.222900390625,41.9553108215332,105.47527313232422,946.8185424804688,4925.28076171875,472.3999938964844,540.86474609375,810.3214721679688,2833.7265625,1303.0062255859375,959.7340087890624,2339.711669921875,4528.5751953125,5773.21044921875,78.14028930664062,957.4893798828124,544.0868530273438,194.0240173339844,391.06390380859375,726.38623046875,2400.839111328125,1559.0806884765625,1029.173828125,10742.9990234375,1554.092041015625,519.66650390625,1063.9854736328125,2499.3056640625,700.2715454101562,821.9949340820312,214.8140563964844,938.1151123046876,101.3633804321289,1521.51953125,764.6234741210938,2569.42724609375
2022-11-30,3339.18896484375,1579.5115966796875,2022.8438720703125,1407.6468505859375,443.34674072265625,822.029052734375,283.74664306640625,161.05055236816406,393.5965881347656,496.6567687988281,2175.145751953125,121.1946258544922,397.1009521484375,2013.1591796875,1870.9359130859375,6788.2568359375,4383.2998046875,3804.398681640625,2798.621826171875,1401.0684814453125,2903.808349609375,896.8126220703125,1404.967041015625,508.5813293457031,1347.3507080078125,2120.181396484375,613.8016357421875,4041.55029296875,74.70751953125,126.01646423339844,612.9323120117188,46.83279037475586,120.52174377441406,1012.8082885742188,5835.5927734375,622.5999755859375,587.13330078125,978.822021484375,2963.66796875,1270.0565185546875,994.5098876953124,2310.7275390625,5574.62939453125,5941.01318359375,90.90870666503906,917.0321044921876,541.0885620117188,222.1694793701172,441.6815185546875,796.146484375,2440.78662109375,1587.3377685546875,1084.629150390625,11198.1591796875,1706.405029296875,616.766845703125,1148.405029296875,2707.997314453125,730.04052734375,923.83935546875,227.24148559570312,1022.599365234375,91.59003448486328,1770.5179443359375,864.2200927734375,2581.41455078125
2022-12-31,3171.6171875,1574.5162353515625,2133.671142578125,1544.56396484375,441.8499145507813,855.406005859375,282.1469421386719,158.333740234375,394.5054626464844,474.1435852050781,2028.271240234375,111.86045837402344,396.2023010253906,1971.1976318359375,1916.4100341796875,6598.41748046875,4075.252197265625,3646.54833984375,2774.633544921875,1320.6219482421875,2811.84619140625,901.0089721679688,1435.8704833984375,514.568115234375,1601.13427734375,2066.7705078125,619.1980590820312,4030.559814453125,75.00691223144531,126.11642456054688,620.2055053710938,45.340087890625,123.2710952758789,995.8950805664062,5801.61865234375,616.7999877929688,606.8772583007812,1126.8345947265625,2913.79150390625,1215.140625,938.5487060546876,2286.740966796875,5787.2333984375,5747.2412109375,93.18842315673828,894.6218872070312,507.707763671875,217.31776428222656,435.2919006347656,745.1754760742188,2323.14306640625,1597.3304443359375,1108.6097412109375,10608.521484375,1709.9007568359375,621.7617797851562,1093.9569091796875,2647.08740234375,710.5131225585938,888.6683959960938,223.9452362060547,990.0440673828124,84.0458755493164,1668.0748291015625,818.8924560546875,2567.676025390625
2023-01-31,3397.006591796875,1854.593017578125,2196.572998046875,1731.4505615234375,454.7222595214844,856.205322265625,305.3425598144531,185.6216278076172,441.73431396484375,488.0714111328125,2459.09423828125,124.46410369873048,459.1073303222656,1959.7080078125,1929.90234375,6880.17919921875,4600.64013671875,3516.671142578125,2728.65625,1487.5108642578125,2951.78857421875,820.6796264648438,1421.6875,595.0911254882812,1573.928955078125,2026.8519287109375,668.7659912109375,4341.294921875,80.71524810791016,162.7083740234375,707.0382690429688,52.499061584472656,145.7658233642578,1023.453369140625,6613.75341796875,646.0,638.986083984375,1338.7095947265625,2898.797119140625,1409.8427734375,922.9595336914062,2400.67822265625,6307.26611328125,5763.22216796875,105.72686767578124,939.0782470703124,490.417724609375,262.138916015625,477.1239013671875,776.3577880859375,2371.083251953125,1725.7364501953125,1113.6058349609375,11522.962890625,1721.38671875,678.50341796875,1221.3355712890625,2812.286865234375,752.272705078125,1014.1649780273438,245.6205596923828,1056.7105712890625,92.9054183959961,1781.0120849609375,942.2952880859376,3038.25
2023-02-28,2826.673828125,2005.478515625,2197.5712890625,1569.049072265625,445.4421997070313,897.376708984375,328.1383056640625,174.43479919433594,446.0278625488281,549.623291015625,2464.090087890625,139.14218139648438,468.3933715820313,2125.056884765625,1919.1292724609375,6556.453125,4616.62158203125,3525.662841796875,2781.00830078125,1358.5965576171875,2803.98388671875,762.7304077148438,1423.6851806640625,634.2049560546875,1625.8936767578125,2000.90478515625,667.9664916992188,4170.4404296875,88.21993255615234,181.05368041992188,686.4777221679688,52.53899383544922,159.96249389648438,1046.4188232421875,6837.60986328125,548.7999877929688,631.6070556640625,1268.7508544921875,2938.781005859375,1450.28076171875,917.76318359375,2501.622314453125,5701.39306640625,5755.23193359375,144.9219970703125,976.5414428710938,512.1051635742188,267.7290954589844,496.5921936035156,748.2894287109375,2523.39599609375,1762.209716796875,1185.04833984375,11677.8671875,1743.658447265625,783.395751953125,1280.279296875,2747.372802734375,801.6250610351562,1003.1740112304688,254.7102508544922,1016.7591552734376,99.55006408691406,1897.947509765625,1022.3674926757812,3086.20703125
2023-03-31,2624.313720703125,1938.5294189453125,2034.8253173828125,1580.04248046875,403.3327941894531,981.9180297851562,298.7437744140625,145.67083740234375,387.2165222167969,510.0369873046875,2583.997314453125,145.58255004882812,465.79730224609375,2210.978271484375,2032.0780029296875,6492.50732421875,4712.509765625,3610.58251953125,2808.99853515625,1255.6649169921875,2659.037109375,745.3456420898438,1427.413330078125,548.4935302734375,1683.8541259765625,1860.639892578125,692.1506958007812,4049.543701171875,82.63134002685547,177.70452880859375,620.0877075195312,47.601600646972656,166.96084594726562,1094.845458984375,6567.78271484375,535.0,544.8533935546875,1101.3497314453125,2823.9287109375,1254.0810546875,843.8145141601562,2616.559326171875,5467.828125,6150.767578125,149.00149536132812,913.1036987304688,591.2596435546875,278.21063232421875,459.25299072265625,774.6785888671875,2305.87939453125,1715.244140625,1121.0997314453125,11847.763671875,1801.0977783203125,613.6826171875,1209.8465576171875,2875.20361328125,783.8421020507812,955.6132202148438,265.3981018066406,1058.7078857421875,89.09423065185547,1857.969482421875,957.07177734375,2984.29931640625
2023-04-30,2396.626220703125,1954.5172119140625,2307.39990234375,1459.615478515625,422.300537109375,1013.2962646484376,317.34033203125,159.73837280273438,399.5978393554687,533.6016845703125,2588.9931640625,158.6130828857422,499.2468566894531,2421.785400390625,2096.049072265625,6974.099609375,4938.24658203125,3618.8916015625,2685.04248046875,1443.1431884765625,2808.982421875,710.7759399414062,1439.39990234375,572.7063598632812,1765.7984619140625,1963.953369140625,722.1312255859375,4152.4560546875,80.6154556274414,161.00880432128906,672.99267578125,48.12580108642578,164.3114776611328,1142.7730712890625,6735.6748046875,505.2000122070313,590.3956909179688,1210.903076171875,2758.952880859375,1311.992431640625,886.545166015625,2644.5439453125,5041.19189453125,6422.447265625,152.131103515625,920.4963989257812,632.0362548828125,275.9146728515625,485.0682678222656,818.2604370117188,2449.21630859375,1679.77001953125,1313.660888671875,11083.23046875,1835.5614013671875,627.8706665039062,1205.3509521484375,2928.133544921875,814.2127685546875,957.2118530273438,280.7806091308594,1080.68115234375,95.67901611328124,1838.9801025390625,925.7218627929688,3244.06396484375
2023-05-31,2179.5087890625,1824.1162109375,2321.378173828125,1337.0245361328125,393.5481567382813,927.706787109375,308.14202880859375,151.20590209960938,342.4838562011719,452.6229248046875,2152.33203125,146.63101196289062,462.2071838378906,2385.818603515625,2201.001220703125,6095.38037109375,4591.65087890625,3344.127685546875,3030.91943359375,1318.2174072265625,2830.974365234375,647.525634765625,1344.905029296875,589.3745727539062,1954.170166015625,1691.944580078125,696.5479125976562,4150.45751953125,69.685302734375,151.96112060546875,600.9219970703125,44.116153717041016,178.55813598632812,1104.3311767578125,6341.927734375,369.0,551.0891723632812,1055.4796142578125,2746.958251953125,1200.228515625,797.7907104492188,2508.984619140625,4774.60498046875,6239.7490234375,143.28221130371094,795.8187255859375,638.2879028320312,270.1248779296875,455.00738525390625,870.6387329101562,2217.979248046875,1604.9490966796875,1201.232666015625,10919.36328125,1879.5150146484375,633.0662231445312,1113.9381103515625,2769.343505859375,785.2407836914062,872.7362060546875,260.5036315917969,1011.2658081054688,76.19403076171875,1693.728515625,852.4387817382812,3283.028564453125
2023-06-30,2188.82080078125,1989.4906005859375,2079.230712890625,1460.4808349609375,394.5465087890625,926.5074462890624,282.5468444824219,153.24411010742188,302.3443298339844,457.71527099609375,2118.3583984375,122.16751861572266,412.9703674316406,2343.589111328125,2201.001220703125,5621.73974609375,4394.02978515625,3376.099853515625,2983.107421875,1271.2452392578125,3016.9072265625,609.7533569335938,1387.392333984375,620.59716796875,1947.175048828125,1735.5743408203125,725.529052734375,4262.0673828125,68.1877670288086,145.962646484375,573.1718139648438,43.536865234375,192.6548309326172,1038.9300537109375,6895.572265625,568.0,530.5380249023438,1107.953857421875,2849.027099609375,1024.414794921875,821.5784912109375,2619.939697265625,4977.79052734375,5906.08447265625,151.03125,759.4544677734375,614.699462890625,268.5277099609375,436.7311401367187,924.4163818359376,2340.0654296875,1642.9241943359375,1267.1904296875,10359.6513671875,1839.0577392578125,682.4246215820312,1086.8052978515625,2562.616455078125,725.2987670898438,811.968505859375,248.18067932128903,960.4278564453124,73.79955291748047,1755.2003173828125,822.0872802734375,3383.451904296875
2023-07-31,2346.63525390625,2048.60546875,2126.16796875,1676.90380859375,387.75775146484375,930.9051513671876,374.32958984375,154.82272338867188,337.6046142578125,482.3311462402344,2221.74072265625,121.81805419921876,456.1150207519531,2290.62060546875,2026.2197265625,5885.53955078125,4506.92822265625,3394.584228515625,3237.031005859375,1385.177734375,3008.216552734375,617.74755859375,1383.19677734375,645.1535034179688,1975.9559326171875,1836.4049072265625,757.7821655273438,4359.00048828125,72.22112274169922,157.65963745117188,646.371337890625,44.88022232055664,206.25164794921875,1030.265625,7043.47705078125,938.4000244140624,548.8943481445312,1081.966552734375,2996.9765625,1157.7735595703125,864.1566162109375,2618.9404296875,5142.0361328125,5832.15771484375,184.82704162597656,783.9657592773438,634.6897583007812,277.0045471191406,458.70257568359375,936.2819213867188,2363.54052734375,1697.8883056640625,1184.2435302734375,11119.259765625,1683.721923828125,746.7703857421875,939.3995971679688,2551.22216796875,745.9077758789062,870.3374633789062,257.7722473144531,998.074462890625,74.2950668334961,1834.1644287109375,850.4763793945312,3496.36669921875
2023-08-31,2058.94189453125,1991.1444091796875,2486.687744140625,1447.4853515625,374.57958984375,1006.9646606445312,386.3273315429687,147.2294464111328,323.22149658203125,486.8248596191406,2182.762939453125,115.42759704589844,452.7193908691406,2276.629150390625,1992.2327880859375,5517.818359375,4323.09423828125,3240.716064453125,3133.0625,1156.813232421875,2761.280517578125,574.9788818359375,1387.392333984375,582.0654296875,1992.447265625,1786.4888916015625,730.397216796875,4137.1533203125,70.68366241455078,145.21954345703125,601.6424560546875,42.30337142944336,226.74685668945312,989.0150146484376,6984.92236328125,871.5999755859375,519.7637329101562,965.7239379882812,2986.97998046875,1064.871826171875,838.5697021484375,2576.957275390625,4864.96484375,5696.2939453125,222.2723846435547,759.5855712890625,601.5059814453125,269.71502685546875,411.2643737792969,970.6702880859376,2408.993896484375,1638.927001953125,1069.31689453125,10129.771484375,1625.39306640625,711.0005493164062,884.23486328125,2397.3896484375,705.939453125,861.1422729492188,265.4654541015625,946.12255859375,73.0772705078125,1833.6646728515625,764.78955078125,3437.411376953125
2023-09-30,2221.23388671875,2066.5927734375,2373.837890625,1428.5845947265625,389.2689208984375,997.269775390625,413.322265625,158.82797241210938,316.5292663574219,530.725830078125,1907.4189453125,116.57877349853516,440.5350341796875,2247.646728515625,1999.22998046875,4911.6923828125,4604.83984375,3031.852294921875,3003.101318359375,932.3138427734376,2690.29931640625,550.8076782226562,1490.64013671875,643.836669921875,1858.5179443359375,1664.39697265625,750.0443115234375,4109.17236328125,70.50395202636719,149.66860961914062,588.9515991210938,44.325340270996094,236.54454040527344,978.8271484375,7292.78662109375,600.4000244140625,481.0557556152344,888.3619995117188,2983.084228515625,1076.3597412109375,868.0264282226562,2774.05810546875,5167.43505859375,5788.97216796875,220.87255859375,734.8056640625,609.9288940429688,252.43966674804688,406.73333740234375,988.6641845703124,2603.571533203125,1618.4403076171875,1022.346923828125,9521.0849609375,1608.904296875,757.4218139648438,831.8192749023438,2362.427734375,684.9561157226562,843.9515991210938,263.9667663574219,947.321533203125,76.68073272705078,1900.634033203125,732.0328369140625,3461.393310546875
2023-10-31,2055.535888671875,2024.62158203125,2440.267822265625,1344.609130859375,397.0583190917969,1103.4134521484375,390.72650146484375,131.5072479248047,297.1520080566406,501.96246337890625,1691.04150390625,112.63288116455078,413.5773315429687,2130.717041015625,2072.2021484375,4375.05322265625,4560.8798828125,3104.800537109375,2841.149658203125,929.9151000976562,2490.351318359375,553.4058227539062,1456.0716552734375,591.3234252929688,1933.4783935546875,1748.265869140625,711.2626953125,3820.715087890625,63.75506210327149,127.47325897216795,568.1815185546875,39.89979553222656,216.7491912841797,977.4288330078124,6880.9677734375,465.2999877929687,452.9550476074219,857.4246215820312,2929.100830078125,1014.9248046875,951.1905517578124,2867.026611328125,5248.33154296875,5497.22509765625,215.37322998046875,676.652587890625,416.61480712890625,256.9332275390625,368.8767700195313,970.2703857421876,2644.033447265625,1612.4443359375,920.212158203125,8187.77294921875,1631.8887939453125,629.5194702148438,639.3073120117188,2653.111328125,629.999755859375,739.2071533203125,269.4619140625,1062.01513671875,75.5627670288086,1706.22265625,705.6676635742188,3325.495849609375
2023-11-30,2100.146484375,2376.382080078125,2697.9794921875,1408.0906982421875,416.93121337890625,1049.5545654296875,394.7257690429687,140.94058227539062,351.1886901855469,478.4922180175781,1462.6710205078125,122.7723388671875,513.3994140625,2194.678466796875,2002.2291259765625,4480.98193359375,5337.17822265625,2761.54345703125,3348.998046875,802.381591796875,2902.244384765625,582.3851318359375,1418.1063232421875,601.1072998046875,2230.8212890625,1843.6168212890625,742.6478271484375,3982.61865234375,60.03655624389648,157.01707458496094,623.3021850585938,43.426246643066406,251.44105529785156,1026.270263671875,7926.50732421875,600.0,464.3338317871094,862.6224365234375,3117.043212890625,1250.4111328125,936.7968139648438,3038.96826171875,5392.14892578125,5393.31591796875,268.7666015625,746.7958984375,428.5095825195313,285.49249267578125,401.1397705078125,1130.1162109375,2557.614013671875,1647.2198486328125,1022.9716796875,9243.7041015625,1831.2528076171875,652.7017211914062,648.3032836914062,2598.1708984375,616.510498046875,756.7147216796875,285.5867614746094,1089.9892578125,71.20069122314453,1872.3277587890625,706.00927734375,3088.674072265625
2023-12-31,1932.0958251953125,2365.3896484375,2680.998291015625,1679.0118408203125,434.1077880859375,1110.02880859375,394.9423522949219,153.67161560058594,399.2666320800781,465.6145935058594,1415.1978759765625,123.47161102294922,562.161376953125,2303.613037109375,2145.173828125,5046.60107421875,5773.46728515625,2853.977783203125,3580.928466796875,993.681884765625,3201.166259765625,593.9769287109375,1449.023681640625,634.5352783203125,,1804.177001953125,780.8297119140625,4243.46240234375,63.19217300415039,165.91519165039062,703.8865966796875,47.6619758605957,272.34686279296875,1056.9161376953125,8114.42431640625,758.4000244140625,534.2034301757812,886.811767578125,3583.019287109375,1387.79150390625,963.78515625,3108.944580078125,5834.58642578125,5415.296875,299.66278076171875,819.0269775390625,440.6041564941406,302.21270751953125,429.4073486328125,1172.101806640625,2569.35986328125,1762.6649169921875,1077.9432373046875,10500.119140625,1854.73681640625,666.0914916992188,683.2871704101562,2576.638427734375,658.5421142578125,828.2877807617188,290.2832946777344,1058.5184326171875,68.4708480834961,1885.8231201171875,752.1576538085938,3653.618408203125
2024-01-31,1859.541748046875,2339.846435546875,2512.1875,1734.4957275390625,431.7110290527344,1176.500732421875,452.533935546875,148.3153839111328,381.6812744140625,461.9188537597656,1307.4193115234375,112.1039810180664,539.978759765625,2326.59912109375,2177.16162109375,4801.7666015625,5751.48486328125,2858.474853515625,3259.02490234375,967.6953735351562,3295.141845703125,531.2216186523438,1566.7286376953125,617.2615356445312,,1896.0587158203125,777.031494140625,4490.314453125,59.91672134399414,117.02753448486328,668.7322387695312,42.492183685302734,247.25173950195312,1053.919189453125,8464.9580078125,546.5999755859375,504.4589538574219,818.0419311523438,3778.966064453125,1461.7271728515625,971.1819458007812,3260.89306640625,5496.01708984375,5703.046875,301.16259765625,785.0506591796875,408.1185607910156,269.85418701171875,405.7344665527344,1177.599853515625,2444.963623046875,1621.73193359375,1109.9267578125,10000.3525390625,1683.8531494140625,598.3432006835938,653.9006958007812,2595.620849609375,622.567138671875,789.7023315429688,286.3861999511719,1065.672607421875,67.23246002197266,1818.84716796875,770.5371704101562,3593.657470703125
2024-02-29,1667.763671875,2271.8798828125,2663.018310546875,1816.9716796875,445.6919860839844,1241.47314453125,489.728515625,164.34410095214844,347.6097412109375,460.1708984375,1284.4295654296875,104.36061096191406,466.1363220214844,2463.5166015625,2169.44287109375,4762.79248046875,5611.59423828125,2959.90283203125,3455.3876953125,912.5241088867188,3384.274658203125,455.0758361816406,1663.2501220703125,613.567138671875,2466.98974609375,1702.30810546875,809.8159790039062,4619.23779296875,55.86235809326172,117.87737274169922,618.7970581054688,46.52312088012695,236.7537841796875,1036.437255859375,8311.0126953125,511.3999938964844,496.37408447265625,777.2597045898438,3938.922119140625,1362.3135986328125,960.1867065429688,3459.82568359375,5072.55517578125,4993.6630859375,369.0541687011719,753.0731201171875,438.1052551269531,249.28054809570312,392.8492126464844,1244.21435546875,2454.95556640625,1607.2388916015625,1039.962890625,10320.2041015625,1624.568115234375,667.0906982421875,502.7698364257813,2497.710693359375,600.082763671875,736.9222412109375,278.5920104980469,1024.2047119140625,69.03012084960938,1832.34228515625,706.408935546875,3300.8486328125
2024-03-31,1913.6632080078125,2496.76904296875,2833.827392578125,2038.4073486328125,495.9234619140625,1348.927490234375,519.9241943359375,183.1283416748047,394.8703002929687,495.1897888183594,1212.4615478515625,109.55616760253906,475.2292175292969,2501.49365234375,2322.403564453125,4898.70068359375,5755.4814453125,2923.740966796875,3721.34033203125,796.984375,3453.260009765625,469.5655517578125,1707.37890625,618.0603637695312,,1768.208251953125,830.8060302734375,4982.0205078125,73.79743957519531,134.47418212890625,657.4415893554688,51.7078971862793,265.0482482910156,1064.9078369140625,9228.68359375,455.1000061035156,551.571044921875,742.6748657226562,4077.00244140625,1314.8548583984375,1041.5516357421875,3422.837890625,5010.6337890625,4508.08447265625,426.64703369140625,726.2918090820312,471.4904479980469,270.0539245605469,376.1684265136719,1265.2093505859375,2623.097900390625,1640.7230224609375,991.0880737304688,10045.3310546875,1649.053955078125,670.887939453125,464.2874450683594,2467.73828125,617.0709838867188,729.1251220703125,296.3787536621094,1028.20166015625,70.36837768554688,2021.2744140625,752.7570190429688,3311.841064453125
2024-04-30,2583.041259765625,2654.691162109375,2725.9482421875,2209.357666015625,465.0655517578125,1332.4345703125,507.4259643554687,202.6207275390625,387.6763000488281,519.864501953125,1149.9892578125,102.51219940185548,454.3455505371094,2588.44140625,2231.427001953125,4606.89794921875,5480.697265625,2773.830810546875,3627.35693359375,786.2800903320312,3243.304931640625,557.6028442382812,1671.80419921875,694.8258666992188,,1826.6488037109375,795.4227905273438,4941.04541015625,70.20243072509766,115.57781219482422,649.7505493164062,51.84775924682617,255.75006103515625,1046.9263916015625,9004.763671875,353.1000061035156,488.8880004882813,700.7985229492188,3943.03515625,1302.865478515625,973.33251953125,3301.879150390625,5467.25146484375,4464.123046875,413.0486755371094,736.4847412109375,406.9191589355469,263.0628967285156,352.5350036621094,1165.7322998046875,2860.92578125,1615.2349853515625,978.6680908203124,8840.890625,1665.5445556640625,689.4874877929688,435.4007263183594,2464.740966796875,658.5421142578125,752.7725219726562,296.07891845703125,1043.6895751953125,67.572021484375,2049.26416015625,807.2959594726562,3164.93701171875
2024-05-31,2464.87255859375,2548.743408203125,2710.96484375,2202.54931640625,479.4644470214844,1391.6046142578125,565.41748046875,219.91395568847656,437.4347534179687,487.6475830078125,1034.54052734375,130.4882354736328,502.8562622070313,2646.406494140625,2191.437255859375,4537.51806640625,5685.53662109375,2628.918212890625,4091.275146484375,674.9253540039062,3606.22705078125,619.0941162109375,1765.2373046875,695.625,2861.827880859375,1939.03515625,847.3980712890625,4773.14599609375,79.5253677368164,127.47552490234376,651.7482299804688,55.48333358764648,301.9410705566406,881.4961547851562,9334.6455078125,373.6000061035156,495.51953125,746.7852783203125,4077.00244140625,1443.74267578125,947.739501953125,3414.8408203125,5471.248046875,4449.33447265625,453.3436584472656,703.0081787109375,414.1684265136719,276.84521484375,391.5057067871094,1022.2652587890624,2809.462890625,1721.3282470703125,990.064208984375,8906.9697265625,1753.993896484375,777.0478515625,499.46142578125,2383.81494140625,691.5192260742188,859.2404174804688,310.76800537109375,1015.2117309570312,75.52167510986328,2123.45751953125,815.8863525390625,2951.076171875
2024-06-30,2453.594970703125,2472.972900390625,2612.5654296875,2109.568115234375,476.16748046875,1319.6248779296875,521.923828125,208.81829833984375,411.256591796875,474.7652282714844,877.4102783203125,140.2299041748047,471.8774108886719,2697.2939453125,2159.4453125,3945.841552734375,5536.9423828125,2488.0029296875,4147.43359375,629.7437744140625,3685.210205078125,561.6317749023438,1528.533203125,683.3698120117188,,2022.1824951171875,855.3943481445312,4791.86865234375,80.42453002929688,119.47705841064452,618.7862548828125,54.7038459777832,286.4629821777344,881.69580078125,9032.7548828125,288.8999938964844,520.7848510742188,718.1934814453125,4181.0927734375,1350.82373046875,990.5277709960938,3638.22607421875,5196.48681640625,4279.43603515625,456.7432556152344,700.5098876953125,461.0535888671875,254.6736297607422,363.5267333984375,1088.3214111328125,2832.212646484375,1704.3349609375,980.2675170898438,8477.1162109375,1788.4739990234375,715.6756591796875,546.348388671875,2378.520263671875,597.58447265625,768.7677612304688,305.8529357910156,981.837646484375,69.6692886352539,1983.4932861328125,723.5897827148438,2973.67529296875
2024-07-31,2304.53564453125,2480.96923828125,2751.436279296875,2019.5865478515625,499.74603271484375,1296.631591796875,530.9225463867188,233.7085723876953,411.3597717285156,458.43011474609375,775.0,140.72947692871094,526.240234375,2839.2568359375,2395.558349609375,4039.790283203125,5357.04150390625,2417.545166015625,4447.39306640625,570.767822265625,3671.52978515625,587.61474609375,1511.04443359375,703.4541015625,,2142.074951171875,868.9125366210938,5047.75537109375,80.22471618652344,131.5811004638672,634.8873901367188,59.540653228759766,328.2575988769531,985.41748046875,9070.740234375,405.6000061035156,546.2498168945312,698.9989624023438,3851.1640625,1587.5831298828125,1055.7098388671875,3672.21875,5021.638671875,4175.49853515625,449.5441589355469,817.5814208984375,474.5492858886719,275.139892578125,392.50494384765625,1085.8218994140625,2838.208740234375,1785.303466796875,1122.6192626953125,9056.919921875,1879.4219970703125,766.8525390625,684.8099975585938,2569.4013671875,657.1683349609375,957.7106323242188,331.4406433105469,1032.537841796875,72.38159942626953,2031.48095703125,749.9871826171875,2908.7041015625
2024-08-31,2166.263671875,2488.966064453125,2915.283447265625,1852.6207275390625,504.14202880859375,1362.61279296875,523.9235229492188,228.3106689453125,410.96002197265625,429.0071411132813,667.7999877929688,138.8810577392578,506.853515625,2819.26220703125,2398.5576171875,4104.75439453125,5352.0439453125,2471.012939453125,4463.390625,645.7373046875,3683.5283203125,541.1452026367188,1655.9527587890625,666.18310546875,3178.052490234375,2178.042236328125,833.72412109375,4947.7998046875,79.62527465820312,137.93017578125,628.8932495117188,58.46136474609375,342.15582275390625,998.0100708007812,10162.9208984375,341.20001220703125,564.7244873046875,651.8125610351562,3735.189697265625,1643.051025390625,1055.7098388671875,3538.247314453125,4765.86083984375,4363.38623046875,496.33831787109375,782.5993041992188,482.8466796875,292.1238098144531,342.142822265625,1010.8341674804688,2679.30908203125,1801.297119140625,1170.1031494140625,7692.3837890625,1886.326416015625,779.0469360351562,724.2990112304688,2569.4013671875,676.6586303710938,906.72607421875,353.5300598144531,1019.0438842773438,74.35999298095703,2005.4876708984375,723.6087646484375,2883.71533203125
2024-09-30,2382.40869140625,2332.03125,2781.408203125,2012.5880126953125,483.1611022949219,1237.1483154296875,472.5602722167969,224.4915771484375,435.1458740234375,391.395751953125,701.0,147.83531188964844,478.3729553222656,2663.302978515625,2393.558349609375,4214.6943359375,5092.1875,2601.92236328125,4433.39501953125,763.00634765625,3930.496826171875,611.1554565429688,1515.6839599609375,668.75927734375,3304.014892578125,2171.27587890625,819.9934692382812,5157.7060546875,79.97494506835938,154.02784729003906,650.4666748046875,58.77162170410156,372.5518798828125,1029.3914794921875,9779.9990234375,384.2999877929687,558.732666015625,694.4002685546875,3533.342529296875,1642.55126953125,1013.2933349609376,3508.427490234375,5295.8662109375,4575.14013671875,527.134521484375,809.58544921875,364.30902099609375,295.1210021972656,349.003173828125,1024.3319091796875,2423.6962890625,1676.3458251953125,1157.607421875,7512.44482421875,1882.3277587890625,792.7418212890625,733.859130859375,2640.357421875,682.15576171875,925.7203369140624,358.5276184082031,1045.0322265625,74.97949981689453,2165.44677734375,762.576904296875,3132.604248046875
2024-10-31,2353.964599609375,2220.07763671875,2562.233642578125,1731.7069091796875,452.79681396484375,1249.6448974609375,471.9603271484375,237.43820190429688,398.3673706054687,376.3574523925781,783.4000244140625,138.18954467773438,446.20269775390625,2709.290771484375,2514.5361328125,3703.416015625,4901.29296875,2398.007080078125,4257.4189453125,744.8109741210938,3776.5166015625,739.0833740234375,1391.7506103515625,711.2311401367188,3171.05419921875,2335.1455078125,808.3963623046875,4646.43701171875,73.83071899414062,123.982177734375,601.0072021484375,53.374229431152344,375.75146484375,975.6233520507812,9787.998046875,347.8999938964844,490.5263977050781,644.4677124023438,3469.3544921875,1466.1531982421875,1139.2677001953125,3559.4189453125,5013.03369140625,4682.09716796875,535.33349609375,694.644287109375,387.40325927734375,265.9486083984375,343.80609130859375,969.2410278320312,2577.113525390625,1528.403564453125,960.6741333007812,6452.80517578125,1760.371337890625,900.1068725585938,812.8440551757812,2566.4033203125,749.6217041015625,807.7559814453125,342.0355529785156,1022.0425415039062,71.9619369506836,2089.46630859375,813.1356201171875,3011.658203125
2024-11-30,2472.1533203125,2197.08740234375,2561.234130859375,1702.2117919921875,483.3763427734375,1226.7662353515625,513.4568481445312,263.7313537597656,388.5730895996094,384.3511962890625,898.2000122070312,159.23033142089844,427.5109558105469,2803.266357421875,2690.50390625,3448.525146484375,5721.84033203125,2351.526123046875,4459.3916015625,805.3955688476562,3750.519775390625,645.6360473632812,1334.281494140625,732.2174072265625,3707.89453125,2566.96142578125,856.38427734375,4714.4140625,72.59762573242188,101.78536224365234,602.5060424804688,53.034393310546875,382.6505737304687,992.0136108398438,10077.9384765625,315.6000061035156,513.54150390625,641.6682739257812,3761.30029296875,1257.420166015625,1232.7486572265625,3704.3955078125,4933.5810546875,4858.025390625,558.5305786132812,714.1343383789062,393.7016906738281,260.95330810546875,315.0223388671875,1311.7847900390625,2530.138671875,1770.63232421875,996.7581176757812,7168.0693359375,1770.8675537109375,972.0833740234376,901.8269653320312,2695.322998046875,736.6282958984375,760.3171997070312,366.2666320800781,1118.9991455078125,70.8228530883789,2223.61669921875,858.6641845703125,2849.057373046875
2024-12-31,2318.6552734375,2042.151611328125,2642.178466796875,1589.73095703125,468.4862976074219,1148.28125,500.4579162597656,268.0802307128906,360.18963623046875,392.7586975097656,980.0,143.9870147705078,439.9054870605469,2731.28515625,2661.509033203125,3383.552978515625,5137.76806640625,2536.449462890625,4249.419921875,687.025634765625,3444.55908203125,621.1498413085938,1345.923583984375,784.8675537109375,3563.2333984375,2551.49951171875,798.198974609375,4726.41015625,73.54694366455078,95.88878631591795,583.6098022460938,54.75355911254883,375.4612731933594,949.5918579101562,9496.056640625,302.29998779296875,509.5450744628906,636.8693237304688,3889.3984375,1197.4476318359375,1281.738525390625,3628.40771484375,4720.20654296875,4831.0361328125,568.5293579101562,681.2325439453125,400.6999206542969,273.38543701171875,323.4176025390625,1272.791259765625,2474.933837890625,1718.64306640625,991.1594848632812,6853.154296875,1603.4273681640625,988.278076171875,867.83349609375,2506.88427734375,649.2291259765625,728.8248291015625,368.1659240722656,1051.1895751953125,68.26300811767578,2183.62353515625,826.884033203125,2945.025634765625
2025-01-31,2334.838623046875,1901.8115234375,2701.1376953125,1724.7080078125,513.6560668945312,1223.766845703125,537.9752807617188,296.9226989746094,377.0987854003906,422.2405700683594,1192.0,141.86146545410156,455.2986755371094,2809.2646484375,2790.485107421875,3342.570556640625,5597.56787109375,2417.99853515625,4551.37841796875,706.6206665039062,4006.487060546875,695.6078491210938,1404.3984375,845.2343139648438,3903.160400390625,2719.40087890625,866.181884765625,5108.28125,74.09654235839844,89.10958099365234,584.609130859375,62.309913635253906,335.7653503417969,979.3790893554688,9950.6884765625,302.29998779296875,522.0338745117188,678.0608520507812,4281.337890625,1265.4163818359375,1342.2261962890625,4024.34326171875,4888.107421875,5327.83447265625,605.9246826171875,650.2447509765625,398.700439453125,254.20046997070312,353.8004455566406,1347.77880859375,2677.346435546875,2065.571044921875,1031.7496337890625,8092.8203125,1630.91748046875,1091.64453125,1053.7977294921875,2525.875732421875,657.2257080078125,713.8284301757812,372.06451416015625,1022.697998046875,68.64280700683594,2425.58203125,772.917724609375,2812.069580078125
2025-02-28,2291.1923828125,1894.8121337890625,2873.019287109375,1733.20654296875,544.0357666015625,1406.232177734375,670.4691772460938,311.218994140625,360.3032531738281,437.08148193359375,1086.0,159.75660705566406,426.5114135742187,3359.120849609375,2772.814453125,3302.587646484375,5357.6728515625,2162.1044921875,4495.82568359375,746.4105224609375,3763.68994140625,742.0816650390625,1465.8720703125,933.0859375,3956.148681640625,2793.357421875,858.78369140625,5133.27294921875,71.04874420166016,78.05087280273438,564.122802734375,72.94478607177734,354.763427734375,974.5811157226562,10023.6787109375,259.79998779296875,517.5379638671875,727.250732421875,4255.341796875,1204.444580078125,1361.222412109375,3817.376953125,4791.1650390625,5237.87109375,743.9075927734375,609.7606201171875,397.9006652832031,258.3971862792969,368.7919921875,1264.9232177734375,2634.86474609375,2013.581787109375,1150.2208251953125,7273.041015625,1527.6563720703125,1268.5869140625,1057.7969970703125,2501.88623046875,544.772705078125,651.8433227539062,380.0616149902344,979.91064453125,70.1419906616211,2429.5810546875,643.598388671875,2673.115478515625
2025-03-31,2103.85595703125,1909.8106689453125,2848.03662109375,1668.2176513671875,554.8284912109375,1559.2030029296875,723.9667358398438,287.7763366699219,369.30084228515625,435.890380859375,771.7999877929688,165.80496215820312,422.7130737304687,3503.0830078125,2552.829345703125,2921.75048828125,5142.765625,2013.9564208984375,3845.850830078125,577.6533813476562,3567.7060546875,935.47265625,1461.53662109375,873.4188232421875,3615.22216796875,2863.875732421875,769.206298828125,5003.31689453125,78.79315185546875,67.89205932617188,549.7222290039062,72.04521942138672,355.4633483886719,1009.0662841796876,11083.5390625,281.3999938964844,570.990234375,826.0304565429688,3735.561279296875,1190.95068359375,1217.751708984375,3872.367919921875,4583.78759765625,5227.875,748.9069213867188,561.2796630859375,347.51324462890625,235.0155487060547,347.6039123535156,1206.9266357421875,2824.073974609375,1930.5989990234375,1084.73681640625,6178.3359375,1593.6414794921875,1139.1290283203125,976.8125610351562,2529.873779296875,517.2841796875,549.8678588867188,332.1790466308594,1008.2022705078124,72.86051940917969,2319.60009765625,580.8375244140625,2448.18994140625
2025-04-30,1990.25048828125,2063.79541015625,3255.755615234375,1632.7236328125,559.625244140625,1734.169677734375,803.9630737304688,296.7756042480469,393.2944030761719,350.131591796875,723.5999755859375,173.7528076171875,465.5940856933594,3898.9794921875,2517.83154296875,2949.73828125,4883.87841796875,2091.435546875,3961.84619140625,637.529541015625,3714.694091796875,1001.4354858398438,1483.0299072265625,831.78662109375,4233.08935546875,3072.793701171875,727.61669921875,4582.45849609375,80.0422592163086,78.57080841064453,592.2007446289062,73.24462890625,388.95989990234375,1082.53466796875,12328.375,281.29998779296875,596.9669799804688,791.7532348632812,3559.581787109375,1294.403076171875,1196.4124755859375,4066.336181640625,4445.9658203125,4836.03466796875,754.1063232421875,515.2977294921875,342.5144958496094,266.59075927734375,328.34637451171875,1237.4248046875,2439.699951171875,1863.6129150390625,1053.9117431640625,5873.41796875,1691.6195068359375,1075.9034423828125,939.0198364257812,2788.758544921875,557.7672119140625,558.8656616210938,370.5650939941406,1127.1671142578125,73.22032928466797,2247.612548828125,575.8406982421875,2592.142333984375
2025-05-31,2162.889404296875,2082.79345703125,3347.692138671875,1770.401123046875,610.4818725585938,1901.36279296875,935.9569702148438,327.47308349609375,390.2951965332031,359.57708740234375,1035.0,179.40126037597656,460.65679931640625,3860.989501953125,2604.82568359375,3067.419921875,4633.98681640625,2016.455810546875,4685.818359375,750.51708984375,3692.69580078125,1162.894775390625,1506.5224609375,872.97607421875,4071.1240234375,2808.897216796875,785.2022705078125,4784.39013671875,77.9826431274414,84.11016845703125,632.6803588867188,77.18802642822266,374.36138916015625,1046.0504150390625,12863.3046875,263.20001220703125,633.7366943359375,844.7500610351562,3913.540283203125,1332.385498046875,1164.9146728515625,3993.34814453125,4400.97607421875,5031.23193359375,866.1641845703125,569.2764892578125,351.5709533691406,285.1761779785156,355.3419494628906,1218.9259033203125,2448.697021484375,2153.710693359375,1074.4100341796875,5714.58056640625,1760.60400390625,1157.8961181640625,1114.450439453125,2701.797119140625,552.7693481445312,635.4547729492188,387.8587646484375,1170.654296875,76.8383560180664,2425.82861328125,599.0261840820312,2893.04296875
2025-06-30,2149.9482421875,2058.0,3268.932861328125,1809.39892578125,619.0802612304688,1886.36376953125,1147.947265625,337.27227783203125,376.2989807128906,365.5808410644531,1182.0,193.6973876953125,455.7583312988281,3804.0,2466.8349609375,2923.447265625,4727.33544921875,1827.5067138671875,4888.0,900.9005126953124,3751.69091796875,1439.8697509765625,1389.7230224609375,881.65087890625,4119.11376953125,2876.281005859375,805.7351684570312,4739.4169921875,82.43164825439453,88.72962188720703,630.6813354492188,76.68810272216797,354.38763427734375,1061.349853515625,12438.3603515625,226.8999938964844,658.2265014648438,912.5460815429688,3889.7138671875,1295.402587890625,1071.421630859375,3936.78955078125,4244.0126953125,4954.24365234375,967.5599365234376,574.2745971679688,352.0708923339844,289.57269287109375,361.3409729003906,1250.5,2552.93115234375,2245.698486328125,1112.90673828125,5954.5625,1830.5882568359375,1206.8917236328125,1183.9473876953125,2733.516845703125,516.2845458984375,607.456787109375,401.2569274902344,1141.1629638671875,77.73786926269531,2489.823974609375,512.2802734375,2822.66259765625
2025-07-31,2147.948486328125,2198.0,3416.884521484375,1876.8951416015625,648.4745483398438,1803.8697509765625,1038.9522705078125,371.26947021484375,349.6000061035156,404.6180725097656,1290.5,207.04376220703125,373.9837646484375,3946.0,2665.0,2611.506103515625,4759.33056640625,1852.5,5380.0,1021.8871459960938,4004.0,1399.873291015625,1417.717529296875,922.6439819335938,4150.533203125,2953.26171875,868.130126953125,4939.392578125,82.28169250488281,85.4571304321289,577.3208618164062,77.7879409790039,347.98785400390625,1059.85009765625,12308.3779296875,315.8999938964844,663.7242431640625,963.7430419921876,4243.68798828125,1144.80712890625,1072.4215087890625,3935.78955078125,4502.45263671875,5671.13427734375,1071.9556884765625,558.9141235351562,379.4686279296875,303.26556396484375,390.9361572265625,1220.0,2710.39599609375,2351.68408203125,1162.402587890625,6344.5341796875,1848.0843505859375,1360.3779296875,1308.4417724609375,2648.53173828125,535.9083251953125,544.4612426757812,425.3543395996094,1127.5,81.99988555908203,2665.8115234375,409.9163513183594,3052.63525390625
2025-08-31,2277.9453125,2160.0,3624.816650390625,2144.880126953125,651.4739379882812,1757.3731689453125,1015.9533081054688,360.370361328125,335.3999938964844,431.9591979980469,1283.5,216.4412078857422,359.5882568359375,3736.0,2512.0,2507.52587890625,4703.33837890625,2048.447021484375,5400.0,877.9030151367188,3832.0,1787.8382568359375,1452.2105712890625,946.5399780273438,4018.5478515625,3121.2197265625,870.3299560546875,4689.42333984375,81.5318603515625,96.01677703857422,553.8281860351562,79.5199966430664,345.387939453125,1040.852783203125,11955.0,336.6000061035156,681.2169799804688,988.5415649414062,6194.6005859375,1062.8209228515625,1076.921142578125,3445.815673828125,4640.92041015625,5529.15576171875,1069.9556884765625,564.9132080078125,364.9698181152344,299.267333984375,379.93792724609375,1086.5,2723.393310546875,2355.68359375,1382.8841552734375,7294.46435546875,1730.0,1385.8756103515625,1268.943603515625,2585.54296875,531.4090576171875,595.4576416015625,422.6546630859375,1150.0,88.33834075927734,2463.825927734375,390.82025146484375,3144.624267578125
2025-09-30,2785.0,2051.0,3350.906005859375,2750.846435546875,685.7999877929688,2058.851318359375,1330.0,379.6000061035156,348.20001220703125,425.6742858886719,1168.0,191.1499938964844,389.7788391113281,3504.0,2529.0,2704.0,4771.3291015625,1775.0208740234375,5305.0,873.7999877929688,3722.0,2360.0,1574.36181640625,1044.90380859375,4088.5400390625,3157.61376953125,917.5999755859376,4721.41943359375,79.93220520019531,95.29680633544922,581.8194580078125,83.81999969482422,364.4873046875,1067.3489990234375,12375.0,225.0,643.2327270507812,1040.9384765625,4613.84130859375,1158.8048095703125,1056.5,3557.0,4887.5,5718.0,1190.0,568.4126586914062,375.7999877929687,333.85198974609375,376.0,1100.0,2646.17431640625,2351.68408203125,1337.387939453125,6814.49951171875,1741.5,1435.5,1270.0,2587.542724609375,449.5231018066406,610.45654296875,445.45220947265625,1146.5,86.13887786865234,2731.806884765625,367.7249450683594,3219.615234375
2025-10-31,2875.0,2295.0,3276.0,2790.0,668.5999755859375,1870.864990234375,1213.0,407.0,379.6000061035156,442.2213134765625,1237.5,185.75,376.1830749511719,3454.0,2521.0,2887.0,5009.29541015625,1749.52783203125,5610.0,792.4000244140625,3547.0,2222.0,1780.34375,1063.3021240234375,4399.5048828125,3024.630126953125,967.7999877929688,5065.0,69.63450622558594,93.17687225341795,621.3072509765625,89.08000183105469,397.7861022949219,1139.8387451171875,14300.0,219.1000061035156,674.0,1055.0,4819.83447265625,1208.79638671875,1060.0,3357.0,5486.0,5816.0,1167.0,556.41455078125,421.7000122070313,341.4486389160156,379.3999938964844,1149.5,2847.1494140625,2517.661865234375,1404.88232421875,7094.47900390625,1916.0,1559.5,1297.5,2780.508544921875,386.1339416503906,628.9552612304688,459.3507080078125,1200.5,92.1174087524414,2959.790771484375,287.44134521484375,2896.65380859375
2025-11-30,2851.0,2136.0,3172.0,2758.0,651.7999877929688,1650.5,1133.0,430.25,406.7999877929687,454.1192321777344,1139.5,180.9499969482422,394.3999938964844,3788.0,2372.0,2722.0,4993.2978515625,1735.5,5465.0,777.0,3323.0,2634.0,1790.8428955078125,1070.1014404296875,3157.644775390625,3207.607666015625,959.7999877929688,4626.0,82.25,77.26000213623047,604.8123168945312,96.13999938964844,347.6878967285156,1146.337890625,14120.0,184.3500061035156,696.0,1093.5,4909.8310546875,1335.0,997.5999755859376,3031.0,5422.0,5852.0,1068.0,585.9099731445312,416.2000122070313,322.0572509765625,388.3999938964844,1074.5,2783.157470703125,2444.0,1254.5,6705.0,2198.0,1673.5,1393.0,2817.501953125,374.5359191894531,636.5,450.2999877929687,1237.0,93.9969482421875,2772.0,303.79998779296875,2490.0
